datetime,open,high,low,close,volume
2025-01-06 00:00:00+00:00,1.0305,1.03051,1.03037,1.03043,3053.0
2025-01-06 00:05:00+00:00,1.03043,1.03045,1.03037,1.03041,2720.0
2025-01-06 00:10:00+00:00,1.03041,1.03046,1.03036,1.03042,1467.0
2025-01-06 00:15:00+00:00,1.03042,1.03045,1.0304,1.03042,3593.0
2025-01-06 00:20:00+00:00,1.03042,1.0305,1.03037,1.03043,1099.0
2025-01-06 00:25:00+00:00,1.03043,1.03045,1.03033,1.03036,1816.0
2025-01-06 00:30:00+00:00,1.03036,1.03042,1.03029,1.03034,1468.0
2025-01-06 00:35:00+00:00,1.03034,1.03039,1.03024,1.03026,3405.0
2025-01-06 00:40:00+00:00,1.03026,1.03031,1.03018,1.03019,2774.0
2025-01-06 00:45:00+00:00,1.03019,1.03021,1.03015,1.03017,836.0
2025-01-06 00:50:00+00:00,1.03017,1.03019,1.03006,1.03009,2794.0
2025-01-06 00:55:00+00:00,1.03009,1.03013,1.03001,1.03004,2450.0
2025-01-06 01:00:00+00:00,1.03004,1.0302,1.02999,1.03013,952.0
2025-01-06 01:05:00+00:00,1.03013,1.03015,1.03004,1.03005,1255.0
2025-01-06 01:10:00+00:00,1.03005,1.03007,1.02998,1.02999,1347.0
2025-01-06 01:15:00+00:00,1.02999,1.03005,1.02987,1.02991,2634.0
2025-01-06 01:20:00+00:00,1.02991,1.02998,1.02991,1.02994,1418.0
2025-01-06 01:25:00+00:00,1.02994,1.03,1.02987,1.02988,1787.0
2025-01-06 01:30:00+00:00,1.02988,1.02994,1.02984,1.02989,3419.0
2025-01-06 01:35:00+00:00,1.02989,1.02999,1.02983,1.02998,3055.0
2025-01-06 01:40:00+00:00,1.02998,1.03001,1.02988,1.02994,3723.0
2025-01-06 01:45:00+00:00,1.02994,1.0301,1.0299,1.03005,2498.0
2025-01-06 01:50:00+00:00,1.03005,1.03005,1.02999,1.03002,3019.0
2025-01-06 01:55:00+00:00,1.03002,1.03014,1.02997,1.03011,1449.0
2025-01-06 02:00:00+00:00,1.03011,1.03015,1.02998,1.03004,4016.0
2025-01-06 02:05:00+00:00,1.03004,1.03004,1.0299,1.02994,3115.0
2025-01-06 02:10:00+00:00,1.02994,1.03,1.02991,1.02995,3254.0
2025-01-06 02:15:00+00:00,1.02995,1.02998,1.02989,1.02994,1171.0
2025-01-06 02:20:00+00:00,1.02994,1.03,1.02993,1.03,2260.0
2025-01-06 02:25:00+00:00,1.03,1.03009,1.02996,1.03005,1370.0
2025-01-06 02:30:00+00:00,1.03005,1.03013,1.02999,1.03009,1691.0
2025-01-06 02:35:00+00:00,1.03009,1.03013,1.03001,1.03007,1193.0
2025-01-06 02:40:00+00:00,1.03007,1.03011,1.02996,1.03001,3926.0
2025-01-06 02:45:00+00:00,1.03001,1.03007,1.02996,1.02999,2125.0
2025-01-06 02:50:00+00:00,1.02999,1.03014,1.02996,1.03008,1102.0
2025-01-06 02:55:00+00:00,1.03008,1.0301,1.03006,1.03009,3236.0
2025-01-06 03:00:00+00:00,1.03009,1.03016,1.03008,1.03013,2853.0
2025-01-06 03:05:00+00:00,1.03013,1.03013,1.03003,1.03008,1072.0
2025-01-06 03:10:00+00:00,1.03008,1.03017,1.03002,1.03015,1167.0
2025-01-06 03:15:00+00:00,1.03015,1.03017,1.03004,1.03009,2028.0
2025-01-06 03:20:00+00:00,1.03009,1.03019,1.03003,1.03017,3752.0
2025-01-06 03:25:00+00:00,1.03017,1.03018,1.03005,1.03011,3581.0
2025-01-06 03:30:00+00:00,1.03011,1.0302,1.03007,1.03015,3120.0
2025-01-06 03:35:00+00:00,1.03015,1.03022,1.02999,1.03005,1372.0
2025-01-06 03:40:00+00:00,1.03005,1.03005,1.02997,1.03001,1016.0
2025-01-06 03:45:00+00:00,1.03001,1.03008,1.02994,1.03004,2089.0
2025-01-06 03:50:00+00:00,1.03004,1.03006,1.02998,1.03006,1487.0
2025-01-06 03:55:00+00:00,1.03006,1.03009,1.03,1.03005,1006.0
2025-01-06 04:00:00+00:00,1.03005,1.03006,1.02997,1.03,3109.0
2025-01-06 04:05:00+00:00,1.03,1.03014,1.02998,1.03011,1987.0
2025-01-06 04:10:00+00:00,1.03011,1.03022,1.03005,1.03019,1586.0
2025-01-06 04:15:00+00:00,1.03019,1.03024,1.03015,1.03017,2632.0
2025-01-06 04:20:00+00:00,1.03017,1.03024,1.03014,1.03018,2064.0
2025-01-06 04:25:00+00:00,1.03018,1.03032,1.03013,1.03025,3448.0
2025-01-06 04:30:00+00:00,1.03025,1.03035,1.03023,1.03033,3773.0
2025-01-06 04:35:00+00:00,1.03033,1.03036,1.03026,1.03033,2910.0
2025-01-06 04:40:00+00:00,1.03033,1.03038,1.03029,1.03038,3075.0
2025-01-06 04:45:00+00:00,1.03038,1.03051,1.03036,1.03048,4102.0
2025-01-06 04:50:00+00:00,1.03048,1.03053,1.03037,1.03041,2202.0
2025-01-06 04:55:00+00:00,1.03041,1.03047,1.03041,1.03041,1212.0
2025-01-06 05:00:00+00:00,1.03041,1.03058,1.03037,1.03051,4050.0
2025-01-06 05:05:00+00:00,1.03051,1.03058,1.03048,1.03049,1977.0
2025-01-06 05:10:00+00:00,1.03049,1.03052,1.03035,1.03039,2296.0
2025-01-06 05:15:00+00:00,1.03039,1.03054,1.03034,1.03051,3263.0
2025-01-06 05:20:00+00:00,1.03051,1.03054,1.03045,1.03046,1174.0
2025-01-06 05:25:00+00:00,1.03046,1.0305,1.0303,1.03035,2305.0
2025-01-06 05:30:00+00:00,1.03035,1.03037,1.03028,1.0303,2976.0
2025-01-06 05:35:00+00:00,1.0303,1.03036,1.03017,1.03022,2562.0
2025-01-06 05:40:00+00:00,1.03022,1.03025,1.03007,1.03011,3943.0
2025-01-06 05:45:00+00:00,1.03011,1.03018,1.03003,1.03007,2486.0
2025-01-06 05:50:00+00:00,1.03007,1.0301,1.02992,1.02998,2379.0
2025-01-06 05:55:00+00:00,1.02998,1.03003,1.02989,1.02992,3695.0
2025-01-06 06:00:00+00:00,1.02992,1.02997,1.02983,1.02986,1349.0
2025-01-06 06:05:00+00:00,1.02986,1.02993,1.02984,1.02987,4299.0
2025-01-06 06:10:00+00:00,1.02987,1.02993,1.02982,1.02992,3551.0
2025-01-06 06:15:00+00:00,1.02992,1.02993,1.0299,1.0299,2454.0
2025-01-06 06:20:00+00:00,1.0299,1.02996,1.02983,1.02984,2324.0
2025-01-06 06:25:00+00:00,1.02984,1.02987,1.0297,1.02973,2049.0
2025-01-06 06:30:00+00:00,1.02973,1.02988,1.02968,1.02982,3848.0
2025-01-06 06:35:00+00:00,1.02982,1.02984,1.02978,1.02982,1463.0
2025-01-06 06:40:00+00:00,1.02982,1.02988,1.02971,1.02974,2217.0
2025-01-06 06:45:00+00:00,1.02974,1.02984,1.02971,1.02982,857.0
2025-01-06 06:50:00+00:00,1.02982,1.02982,1.02975,1.02978,4259.0
2025-01-06 06:55:00+00:00,1.02978,1.02979,1.02969,1.02976,3335.0
2025-01-06 07:00:00+00:00,1.02976,1.02994,1.02971,1.02987,4069.0
2025-01-06 07:05:00+00:00,1.02987,1.02996,1.02984,1.02995,998.0
2025-01-06 07:10:00+00:00,1.02995,1.03021,1.02986,1.03007,1631.0
2025-01-06 07:15:00+00:00,1.03007,1.0303,1.02999,1.03022,2489.0
2025-01-06 07:20:00+00:00,1.03022,1.03025,1.03006,1.03015,3791.0
2025-01-06 07:25:00+00:00,1.03015,1.03021,1.02986,1.02996,900.0
2025-01-06 07:30:00+00:00,1.02996,1.02997,1.02985,1.02989,4093.0
2025-01-06 07:35:00+00:00,1.02989,1.0302,1.02982,1.03015,2428.0
2025-01-06 07:40:00+00:00,1.03015,1.03018,1.02995,1.03001,1894.0
2025-01-06 07:45:00+00:00,1.03001,1.03018,1.02991,1.03013,1996.0
2025-01-06 07:50:00+00:00,1.03013,1.03028,1.02999,1.03021,831.0
2025-01-06 07:55:00+00:00,1.03021,1.03036,1.03019,1.03025,3979.0
2025-01-06 08:00:00+00:00,1.03025,1.03057,1.03023,1.03051,2772.0
2025-01-06 08:05:00+00:00,1.03051,1.03061,1.03029,1.03042,3087.0
2025-01-06 08:10:00+00:00,1.03042,1.03069,1.03037,1.03063,2325.0
2025-01-06 08:15:00+00:00,1.03063,1.03075,1.03023,1.03037,3741.0
2025-01-06 08:20:00+00:00,1.03037,1.03048,1.03001,1.03017,1086.0
2025-01-06 08:25:00+00:00,1.03017,1.0303,1.03004,1.03024,3596.0
2025-01-06 08:30:00+00:00,1.03024,1.03028,1.03001,1.03014,3553.0
2025-01-06 08:35:00+00:00,1.03014,1.0303,1.03,1.03011,4071.0
2025-01-06 08:40:00+00:00,1.03011,1.03027,1.02976,1.02986,845.0
2025-01-06 08:45:00+00:00,1.02986,1.03002,1.0297,1.02985,4033.0
2025-01-06 08:50:00+00:00,1.02985,1.03017,1.02983,1.03005,3975.0
2025-01-06 08:55:00+00:00,1.03005,1.03017,1.03001,1.03015,3264.0
2025-01-06 09:00:00+00:00,1.03015,1.03019,1.02988,1.02989,2915.0
2025-01-06 09:05:00+00:00,1.02989,1.02992,1.0297,1.02984,854.0
2025-01-06 09:10:00+00:00,1.02984,1.02985,1.02959,1.02972,1144.0
2025-01-06 09:15:00+00:00,1.02972,1.0298,1.02968,1.02977,3635.0
2025-01-06 09:20:00+00:00,1.02977,1.02987,1.02963,1.02985,975.0
2025-01-06 09:25:00+00:00,1.02985,1.03002,1.02978,1.02995,4209.0
2025-01-06 09:30:00+00:00,1.02995,1.03032,1.0299,1.0302,4119.0
2025-01-06 09:35:00+00:00,1.0302,1.03048,1.0301,1.03045,1279.0
2025-01-06 09:40:00+00:00,1.03045,1.0308,1.03037,1.03072,1202.0
2025-01-06 09:45:00+00:00,1.03072,1.03091,1.03072,1.03085,968.0
2025-01-06 09:50:00+00:00,1.03085,1.03092,1.03069,1.03089,1854.0
2025-01-06 09:55:00+00:00,1.03089,1.03103,1.03068,1.0308,2852.0
2025-01-06 10:00:00+00:00,1.0308,1.03123,1.03072,1.0311,1262.0
2025-01-06 10:05:00+00:00,1.0311,1.03133,1.03108,1.03132,3014.0
2025-01-06 10:10:00+00:00,1.03132,1.03142,1.03115,1.03119,1161.0
2025-01-06 10:15:00+00:00,1.03119,1.03147,1.03118,1.03131,2856.0
2025-01-06 10:20:00+00:00,1.03131,1.03154,1.03129,1.03142,3113.0
2025-01-06 10:25:00+00:00,1.03142,1.0315,1.03123,1.03135,1786.0
2025-01-06 10:30:00+00:00,1.03135,1.03148,1.03102,1.03117,4021.0
2025-01-06 10:35:00+00:00,1.03117,1.0313,1.03114,1.03129,2262.0
2025-01-06 10:40:00+00:00,1.03129,1.03141,1.03123,1.03129,2250.0
2025-01-06 10:45:00+00:00,1.03129,1.03139,1.03119,1.03126,3447.0
2025-01-06 10:50:00+00:00,1.03126,1.03151,1.03115,1.0315,1923.0
2025-01-06 10:55:00+00:00,1.0315,1.03164,1.03134,1.03153,3700.0
2025-01-06 11:00:00+00:00,1.03153,1.03161,1.03136,1.03151,1332.0
2025-01-06 11:05:00+00:00,1.03151,1.03176,1.03148,1.03173,2534.0
2025-01-06 11:10:00+00:00,1.03173,1.03181,1.03157,1.03178,2484.0
2025-01-06 11:15:00+00:00,1.03178,1.03199,1.03163,1.03198,1077.0
2025-01-06 11:20:00+00:00,1.03198,1.03209,1.03182,1.03201,3722.0
2025-01-06 11:25:00+00:00,1.03201,1.0323,1.032,1.03226,3741.0
2025-01-06 11:30:00+00:00,1.03226,1.03239,1.03214,1.03216,4194.0
2025-01-06 11:35:00+00:00,1.03216,1.0323,1.03212,1.03213,3955.0
2025-01-06 11:40:00+00:00,1.03213,1.03217,1.03196,1.03203,3861.0
2025-01-06 11:45:00+00:00,1.03203,1.03232,1.03201,1.03229,2367.0
2025-01-06 11:50:00+00:00,1.03229,1.03246,1.03224,1.03242,1724.0
2025-01-06 11:55:00+00:00,1.03242,1.03253,1.0321,1.03215,812.0
2025-01-06 12:00:00+00:00,1.03215,1.03218,1.0321,1.03216,2313.0
2025-01-06 12:05:00+00:00,1.03216,1.03228,1.03192,1.03204,1539.0
2025-01-06 12:10:00+00:00,1.03204,1.03205,1.0318,1.03193,2550.0
2025-01-06 12:15:00+00:00,1.03193,1.03213,1.03186,1.03209,2310.0
2025-01-06 12:20:00+00:00,1.03209,1.03219,1.03207,1.03208,4004.0
2025-01-06 12:25:00+00:00,1.03208,1.03213,1.03178,1.03185,3688.0
2025-01-06 12:30:00+00:00,1.03185,1.03218,1.03184,1.03205,2573.0
2025-01-06 12:35:00+00:00,1.03205,1.03219,1.03191,1.03218,1200.0
2025-01-06 12:40:00+00:00,1.03218,1.03229,1.03204,1.03221,4156.0
2025-01-06 12:45:00+00:00,1.03221,1.03232,1.03212,1.0323,899.0
2025-01-06 12:50:00+00:00,1.0323,1.03231,1.03211,1.03214,1918.0
2025-01-06 12:55:00+00:00,1.03214,1.03221,1.03198,1.03207,1480.0
2025-01-06 13:00:00+00:00,1.03207,1.03219,1.03197,1.03215,2643.0
2025-01-06 13:05:00+00:00,1.03215,1.03225,1.03204,1.03222,1520.0
2025-01-06 13:10:00+00:00,1.03222,1.03223,1.03194,1.03198,3087.0
2025-01-06 13:15:00+00:00,1.03198,1.03198,1.03166,1.03177,3722.0
2025-01-06 13:20:00+00:00,1.03177,1.03183,1.03157,1.03166,2046.0
2025-01-06 13:25:00+00:00,1.03166,1.03188,1.03165,1.03186,3062.0
2025-01-06 13:30:00+00:00,1.03186,1.03197,1.03168,1.03181,2146.0
2025-01-06 13:35:00+00:00,1.03181,1.03208,1.0317,1.03199,3374.0
2025-01-06 13:40:00+00:00,1.03199,1.0321,1.03171,1.03182,3834.0
2025-01-06 13:45:00+00:00,1.03182,1.032,1.03173,1.03195,3327.0
2025-01-06 13:50:00+00:00,1.03195,1.03226,1.03181,1.03214,2503.0
2025-01-06 13:55:00+00:00,1.03214,1.03224,1.03209,1.03214,3835.0
2025-01-06 14:00:00+00:00,1.03214,1.03224,1.03203,1.03221,4100.0
2025-01-06 14:05:00+00:00,1.03221,1.0324,1.03214,1.03236,2673.0
2025-01-06 14:10:00+00:00,1.03236,1.03254,1.03228,1.03247,3784.0
2025-01-06 14:15:00+00:00,1.03247,1.03257,1.03247,1.03247,1565.0
2025-01-06 14:20:00+00:00,1.03247,1.03254,1.0324,1.03251,868.0
2025-01-06 14:25:00+00:00,1.03251,1.03273,1.03244,1.03262,3475.0
2025-01-06 14:30:00+00:00,1.03262,1.03266,1.03242,1.03246,1527.0
2025-01-06 14:35:00+00:00,1.03246,1.0325,1.03233,1.0325,2300.0
2025-01-06 14:40:00+00:00,1.0325,1.03255,1.03213,1.03226,956.0
2025-01-06 14:45:00+00:00,1.03226,1.03235,1.03218,1.03227,1439.0
2025-01-06 14:50:00+00:00,1.03227,1.03241,1.03224,1.03228,2862.0
2025-01-06 14:55:00+00:00,1.03228,1.03229,1.032,1.03214,2505.0
2025-01-06 15:00:00+00:00,1.03214,1.03225,1.03199,1.03202,3468.0
2025-01-06 15:05:00+00:00,1.03202,1.03219,1.03192,1.03212,2937.0
2025-01-06 15:10:00+00:00,1.03212,1.03234,1.03197,1.03227,3759.0
2025-01-06 15:15:00+00:00,1.03227,1.03229,1.03208,1.03215,3925.0
2025-01-06 15:20:00+00:00,1.03215,1.03239,1.03207,1.0323,2664.0
2025-01-06 15:25:00+00:00,1.0323,1.03252,1.03218,1.0325,1235.0
2025-01-06 15:30:00+00:00,1.0325,1.03283,1.03236,1.03272,4286.0
2025-01-06 15:35:00+00:00,1.03272,1.03291,1.03266,1.03289,3464.0
2025-01-06 15:40:00+00:00,1.03289,1.033,1.0327,1.03278,1779.0
2025-01-06 15:45:00+00:00,1.03278,1.03283,1.03264,1.0327,2676.0
2025-01-06 15:50:00+00:00,1.0327,1.03293,1.03261,1.0328,4296.0
2025-01-06 15:55:00+00:00,1.0328,1.03297,1.03274,1.03291,1972.0
2025-01-06 16:00:00+00:00,1.03291,1.03298,1.03284,1.03288,3475.0
2025-01-06 16:05:00+00:00,1.03288,1.033,1.03266,1.03267,4252.0
2025-01-06 16:10:00+00:00,1.03267,1.03268,1.03238,1.03246,1493.0
2025-01-06 16:15:00+00:00,1.03246,1.03247,1.03226,1.03229,3922.0
2025-01-06 16:20:00+00:00,1.03229,1.03256,1.03227,1.03251,3582.0
2025-01-06 16:25:00+00:00,1.03251,1.03258,1.03234,1.03235,2406.0
2025-01-06 16:30:00+00:00,1.03235,1.03245,1.03234,1.03234,2723.0
2025-01-06 16:35:00+00:00,1.03234,1.03242,1.03221,1.0324,1863.0
2025-01-06 16:40:00+00:00,1.0324,1.03265,1.03234,1.0326,2706.0
2025-01-06 16:45:00+00:00,1.0326,1.03264,1.03253,1.0326,4189.0
2025-01-06 16:50:00+00:00,1.0326,1.03272,1.03255,1.03268,2160.0
2025-01-06 16:55:00+00:00,1.03268,1.03281,1.0325,1.03258,3377.0
2025-01-06 17:00:00+00:00,1.03258,1.03262,1.03248,1.03256,2492.0
2025-01-06 17:05:00+00:00,1.03256,1.03277,1.03247,1.03273,1342.0
2025-01-06 17:10:00+00:00,1.03273,1.03294,1.03271,1.03289,1994.0
2025-01-06 17:15:00+00:00,1.03289,1.03308,1.03285,1.03298,3757.0
2025-01-06 17:20:00+00:00,1.03298,1.03313,1.03296,1.03306,3921.0
2025-01-06 17:25:00+00:00,1.03306,1.03313,1.03306,1.03311,842.0
2025-01-06 17:30:00+00:00,1.03311,1.03315,1.03305,1.03313,2748.0
2025-01-06 17:35:00+00:00,1.03313,1.03319,1.03305,1.03313,2367.0
2025-01-06 17:40:00+00:00,1.03313,1.03324,1.03309,1.03318,2847.0
2025-01-06 17:45:00+00:00,1.03318,1.03328,1.03314,1.03322,1900.0
2025-01-06 17:50:00+00:00,1.03322,1.03332,1.03311,1.03317,1302.0
2025-01-06 17:55:00+00:00,1.03317,1.03323,1.03295,1.03304,1866.0
2025-01-06 18:00:00+00:00,1.03304,1.03325,1.03295,1.03318,1869.0
2025-01-06 18:05:00+00:00,1.03318,1.03321,1.03297,1.03307,3748.0
2025-01-06 18:10:00+00:00,1.03307,1.03317,1.03292,1.03298,2483.0
2025-01-06 18:15:00+00:00,1.03298,1.03317,1.0329,1.03313,2582.0
2025-01-06 18:20:00+00:00,1.03313,1.0333,1.0331,1.03327,3701.0
2025-01-06 18:25:00+00:00,1.03327,1.03337,1.03306,1.0331,3688.0
2025-01-06 18:30:00+00:00,1.0331,1.03318,1.03301,1.03314,930.0
2025-01-06 18:35:00+00:00,1.03314,1.0332,1.0331,1.03312,1175.0
2025-01-06 18:40:00+00:00,1.03312,1.03322,1.03309,1.0332,2231.0
2025-01-06 18:45:00+00:00,1.0332,1.03326,1.03317,1.03324,1017.0
2025-01-06 18:50:00+00:00,1.03324,1.0334,1.03314,1.03339,3781.0
2025-01-06 18:55:00+00:00,1.03339,1.03344,1.03326,1.03334,3585.0
2025-01-06 19:00:00+00:00,1.03334,1.03338,1.03317,1.03327,1415.0
2025-01-06 19:05:00+00:00,1.03327,1.03327,1.03312,1.03316,3231.0
2025-01-06 19:10:00+00:00,1.03316,1.03332,1.03316,1.03332,2685.0
2025-01-06 19:15:00+00:00,1.03332,1.03338,1.03315,1.03323,1155.0
2025-01-06 19:20:00+00:00,1.03323,1.03332,1.03307,1.03315,2808.0
2025-01-06 19:25:00+00:00,1.03315,1.03337,1.03309,1.0333,1761.0
2025-01-06 19:30:00+00:00,1.0333,1.03337,1.03321,1.03337,4132.0
2025-01-06 19:35:00+00:00,1.03337,1.03344,1.03317,1.03327,3432.0
2025-01-06 19:40:00+00:00,1.03327,1.03337,1.03316,1.03317,3670.0
2025-01-06 19:45:00+00:00,1.03317,1.03327,1.03303,1.03312,1448.0
2025-01-06 19:50:00+00:00,1.03312,1.03317,1.03307,1.03308,1913.0
2025-01-06 19:55:00+00:00,1.03308,1.0331,1.03289,1.03293,3250.0
2025-01-06 20:00:00+00:00,1.03293,1.033,1.03268,1.03276,2830.0
2025-01-06 20:05:00+00:00,1.03276,1.03286,1.03256,1.0326,880.0
2025-01-06 20:10:00+00:00,1.0326,1.0326,1.03246,1.03249,1758.0
2025-01-06 20:15:00+00:00,1.03249,1.03254,1.03229,1.03236,4276.0
2025-01-06 20:20:00+00:00,1.03236,1.03238,1.03218,1.03219,1315.0
2025-01-06 20:25:00+00:00,1.03219,1.0322,1.03202,1.03202,4263.0
2025-01-06 20:30:00+00:00,1.03202,1.03209,1.03195,1.03199,1192.0
2025-01-06 20:35:00+00:00,1.03199,1.03202,1.03193,1.03194,1835.0
2025-01-06 20:40:00+00:00,1.03194,1.032,1.03185,1.03195,3043.0
2025-01-06 20:45:00+00:00,1.03195,1.03199,1.03173,1.03182,1023.0
2025-01-06 20:50:00+00:00,1.03182,1.03186,1.03172,1.03181,2004.0
2025-01-06 20:55:00+00:00,1.03181,1.03188,1.03171,1.03174,4263.0
2025-01-06 21:00:00+00:00,1.03174,1.03183,1.03166,1.03172,2411.0
2025-01-06 21:05:00+00:00,1.03172,1.03174,1.03159,1.03165,2161.0
2025-01-06 21:10:00+00:00,1.03165,1.03167,1.0316,1.0316,1451.0
2025-01-06 21:15:00+00:00,1.0316,1.0318,1.03152,1.03175,1162.0
2025-01-06 21:20:00+00:00,1.03175,1.03186,1.03166,1.03169,4217.0
2025-01-06 21:25:00+00:00,1.03169,1.0319,1.03169,1.03183,2620.0
2025-01-06 21:30:00+00:00,1.03183,1.03187,1.03168,1.03178,2617.0
2025-01-06 21:35:00+00:00,1.03178,1.03195,1.03176,1.03193,1510.0
2025-01-06 21:40:00+00:00,1.03193,1.03207,1.03185,1.03202,886.0
2025-01-06 21:45:00+00:00,1.03202,1.0321,1.03182,1.03191,2170.0
2025-01-06 21:50:00+00:00,1.03191,1.03197,1.03173,1.03174,1043.0
2025-01-06 21:55:00+00:00,1.03174,1.03181,1.03158,1.0316,4048.0
2025-01-06 22:00:00+00:00,1.0316,1.03168,1.03157,1.03167,4281.0
2025-01-06 22:05:00+00:00,1.03167,1.03175,1.0316,1.03172,4050.0
2025-01-06 22:10:00+00:00,1.03172,1.03177,1.0317,1.03172,2592.0
2025-01-06 22:15:00+00:00,1.03172,1.03176,1.03169,1.03175,1810.0
2025-01-06 22:20:00+00:00,1.03175,1.0318,1.03167,1.03168,4265.0
2025-01-06 22:25:00+00:00,1.03168,1.0318,1.03164,1.03179,1656.0
2025-01-06 22:30:00+00:00,1.03179,1.0318,1.0317,1.03174,3121.0
2025-01-06 22:35:00+00:00,1.03174,1.03178,1.0317,1.03177,2049.0
2025-01-06 22:40:00+00:00,1.03177,1.03177,1.0316,1.03165,3347.0
2025-01-06 22:45:00+00:00,1.03165,1.03173,1.03164,1.03171,3118.0
2025-01-06 22:50:00+00:00,1.03171,1.03178,1.03168,1.03171,3764.0
2025-01-06 22:55:00+00:00,1.03171,1.03175,1.03169,1.03169,3480.0
2025-01-06 23:00:00+00:00,1.03169,1.03176,1.03156,1.03159,2125.0
2025-01-06 23:05:00+00:00,1.03159,1.03163,1.03151,1.03153,1159.0
2025-01-06 23:10:00+00:00,1.03153,1.03155,1.03139,1.03144,2838.0
2025-01-06 23:15:00+00:00,1.03144,1.0315,1.0313,1.03133,3166.0
2025-01-06 23:20:00+00:00,1.03133,1.03137,1.03129,1.03136,2980.0
2025-01-06 23:25:00+00:00,1.03136,1.03139,1.03129,1.03132,1524.0
2025-01-06 23:30:00+00:00,1.03132,1.03135,1.03125,1.0313,1764.0
2025-01-06 23:35:00+00:00,1.0313,1.03143,1.03125,1.0314,3025.0
2025-01-06 23:40:00+00:00,1.0314,1.03153,1.03135,1.03148,4033.0
2025-01-06 23:45:00+00:00,1.03148,1.03162,1.03141,1.03158,2717.0
2025-01-06 23:50:00+00:00,1.03158,1.03175,1.03155,1.03168,3572.0
2025-01-06 23:55:00+00:00,1.03168,1.0317,1.03155,1.03161,3904.0
2025-01-07 00:00:00+00:00,1.03161,1.03163,1.0315,1.0315,3231.0
2025-01-07 00:05:00+00:00,1.0315,1.03159,1.03146,1.03155,1619.0
2025-01-07 00:10:00+00:00,1.03155,1.03155,1.03142,1.03144,3158.0
2025-01-07 00:15:00+00:00,1.03144,1.03149,1.03133,1.03137,4054.0
2025-01-07 00:20:00+00:00,1.03137,1.03139,1.03125,1.03128,3780.0
2025-01-07 00:25:00+00:00,1.03128,1.03133,1.0312,1.03122,1910.0
2025-01-07 00:30:00+00:00,1.03122,1.03127,1.03119,1.03126,1453.0
2025-01-07 00:35:00+00:00,1.03126,1.03138,1.03121,1.03138,2373.0
2025-01-07 00:40:00+00:00,1.03138,1.03144,1.03134,1.03138,1965.0
2025-01-07 00:45:00+00:00,1.03138,1.03153,1.03134,1.03145,1516.0
2025-01-07 00:50:00+00:00,1.03145,1.03152,1.03139,1.03147,4003.0
2025-01-07 00:55:00+00:00,1.03147,1.03154,1.03143,1.03149,4208.0
2025-01-07 01:00:00+00:00,1.03149,1.03159,1.03148,1.03154,3512.0
2025-01-07 01:05:00+00:00,1.03154,1.03158,1.03146,1.03151,3291.0
2025-01-07 01:10:00+00:00,1.03151,1.03153,1.03138,1.0314,2565.0
2025-01-07 01:15:00+00:00,1.0314,1.03156,1.03138,1.03149,2167.0
2025-01-07 01:20:00+00:00,1.03149,1.03167,1.03143,1.0316,3028.0
2025-01-07 01:25:00+00:00,1.0316,1.03162,1.03151,1.03155,2398.0
2025-01-07 01:30:00+00:00,1.03155,1.03157,1.03151,1.03154,1666.0
2025-01-07 01:35:00+00:00,1.03154,1.03163,1.03149,1.03163,1608.0
2025-01-07 01:40:00+00:00,1.03163,1.03176,1.0316,1.03174,2806.0
2025-01-07 01:45:00+00:00,1.03174,1.03189,1.03171,1.03183,2437.0
2025-01-07 01:50:00+00:00,1.03183,1.03189,1.03176,1.03185,820.0
2025-01-07 01:55:00+00:00,1.03185,1.03194,1.03183,1.03193,2812.0
2025-01-07 02:00:00+00:00,1.03193,1.03206,1.03191,1.03205,1992.0
2025-01-07 02:05:00+00:00,1.03205,1.03207,1.03193,1.03199,2847.0
2025-01-07 02:10:00+00:00,1.03199,1.03203,1.03193,1.03197,4054.0
2025-01-07 02:15:00+00:00,1.03197,1.03199,1.03185,1.03189,1038.0
2025-01-07 02:20:00+00:00,1.03189,1.03195,1.03174,1.0318,3270.0
2025-01-07 02:25:00+00:00,1.0318,1.03186,1.03176,1.03186,835.0
2025-01-07 02:30:00+00:00,1.03186,1.03189,1.0317,1.03176,4215.0
2025-01-07 02:35:00+00:00,1.03176,1.03183,1.03175,1.03182,948.0
2025-01-07 02:40:00+00:00,1.03182,1.03183,1.03168,1.03171,2705.0
2025-01-07 02:45:00+00:00,1.03171,1.03173,1.03158,1.03159,2202.0
2025-01-07 02:50:00+00:00,1.03159,1.03162,1.03154,1.03154,1086.0
2025-01-07 02:55:00+00:00,1.03154,1.03163,1.03149,1.03159,4042.0
2025-01-07 03:00:00+00:00,1.03159,1.03163,1.03156,1.03159,2121.0
2025-01-07 03:05:00+00:00,1.03159,1.03169,1.03157,1.03164,1701.0
2025-01-07 03:10:00+00:00,1.03164,1.03169,1.0316,1.03167,2321.0
2025-01-07 03:15:00+00:00,1.03167,1.03179,1.03164,1.03177,4171.0
2025-01-07 03:20:00+00:00,1.03177,1.0318,1.03166,1.03172,4116.0
2025-01-07 03:25:00+00:00,1.03172,1.03175,1.03163,1.03169,4184.0
2025-01-07 03:30:00+00:00,1.03169,1.0317,1.03158,1.03161,3167.0
2025-01-07 03:35:00+00:00,1.03161,1.03174,1.0316,1.03168,875.0
2025-01-07 03:40:00+00:00,1.03168,1.03172,1.03164,1.03169,3573.0
2025-01-07 03:45:00+00:00,1.03169,1.03175,1.03155,1.03161,3137.0
2025-01-07 03:50:00+00:00,1.03161,1.03173,1.03158,1.03168,802.0
2025-01-07 03:55:00+00:00,1.03168,1.0317,1.03151,1.03158,1071.0
2025-01-07 04:00:00+00:00,1.03158,1.0316,1.03151,1.03154,1984.0
2025-01-07 04:05:00+00:00,1.03154,1.03168,1.03151,1.03162,4242.0
2025-01-07 04:10:00+00:00,1.03162,1.03169,1.03158,1.03158,2086.0
2025-01-07 04:15:00+00:00,1.03158,1.03162,1.03152,1.03153,1141.0
2025-01-07 04:20:00+00:00,1.03153,1.03154,1.03148,1.0315,1229.0
2025-01-07 04:25:00+00:00,1.0315,1.03154,1.03139,1.0314,3723.0
2025-01-07 04:30:00+00:00,1.0314,1.03144,1.03136,1.03143,1395.0
2025-01-07 04:35:00+00:00,1.03143,1.03157,1.03137,1.03154,3985.0
2025-01-07 04:40:00+00:00,1.03154,1.03155,1.03143,1.03143,2715.0
2025-01-07 04:45:00+00:00,1.03143,1.03146,1.03132,1.03134,2216.0
2025-01-07 04:50:00+00:00,1.03134,1.03136,1.03125,1.03127,948.0
2025-01-07 04:55:00+00:00,1.03127,1.03131,1.03122,1.03127,1568.0
2025-01-07 05:00:00+00:00,1.03127,1.03128,1.03123,1.03125,1690.0
2025-01-07 05:05:00+00:00,1.03125,1.03131,1.03124,1.03125,4007.0
2025-01-07 05:10:00+00:00,1.03125,1.03136,1.03123,1.03133,3877.0
2025-01-07 05:15:00+00:00,1.03133,1.03146,1.03131,1.03142,2433.0
2025-01-07 05:20:00+00:00,1.03142,1.03148,1.03141,1.03145,1435.0
2025-01-07 05:25:00+00:00,1.03145,1.03148,1.0314,1.03141,2424.0
2025-01-07 05:30:00+00:00,1.03141,1.03146,1.03131,1.03133,1535.0
2025-01-07 05:35:00+00:00,1.03133,1.03144,1.03131,1.03138,1452.0
2025-01-07 05:40:00+00:00,1.03138,1.03142,1.03133,1.0314,1289.0
2025-01-07 05:45:00+00:00,1.0314,1.03143,1.03134,1.03139,2128.0
2025-01-07 05:50:00+00:00,1.03139,1.03145,1.03138,1.03144,4192.0
2025-01-07 05:55:00+00:00,1.03144,1.03151,1.0314,1.03149,1259.0
2025-01-07 06:00:00+00:00,1.03149,1.03152,1.03141,1.03146,1478.0
2025-01-07 06:05:00+00:00,1.03146,1.03152,1.03144,1.0315,3196.0
2025-01-07 06:10:00+00:00,1.0315,1.03151,1.03139,1.03139,3785.0
2025-01-07 06:15:00+00:00,1.03139,1.03148,1.03138,1.03142,1822.0
2025-01-07 06:20:00+00:00,1.03142,1.03147,1.0313,1.03132,3586.0
2025-01-07 06:25:00+00:00,1.03132,1.03135,1.03123,1.03125,820.0
2025-01-07 06:30:00+00:00,1.03125,1.03127,1.03119,1.03127,3976.0
2025-01-07 06:35:00+00:00,1.03127,1.03128,1.03115,1.03118,1964.0
2025-01-07 06:40:00+00:00,1.03118,1.03124,1.03117,1.0312,1006.0
2025-01-07 06:45:00+00:00,1.0312,1.03126,1.03114,1.03115,1284.0
2025-01-07 06:50:00+00:00,1.03115,1.03132,1.03111,1.03128,3465.0
2025-01-07 06:55:00+00:00,1.03128,1.0313,1.03113,1.03118,1808.0
2025-01-07 07:00:00+00:00,1.03118,1.03128,1.03103,1.03103,2492.0
2025-01-07 07:05:00+00:00,1.03103,1.0312,1.03089,1.03112,3521.0
2025-01-07 07:10:00+00:00,1.03112,1.03112,1.03087,1.03098,3264.0
2025-01-07 07:15:00+00:00,1.03098,1.03101,1.03095,1.03099,4065.0
2025-01-07 07:20:00+00:00,1.03099,1.03102,1.03094,1.03094,1879.0
2025-01-07 07:25:00+00:00,1.03094,1.03096,1.03092,1.03094,4088.0
2025-01-07 07:30:00+00:00,1.03094,1.03106,1.03082,1.03105,4183.0
2025-01-07 07:35:00+00:00,1.03105,1.03118,1.03081,1.03097,1326.0
2025-01-07 07:40:00+00:00,1.03097,1.03107,1.03085,1.03106,1063.0
2025-01-07 07:45:00+00:00,1.03106,1.03119,1.03095,1.03109,2411.0
2025-01-07 07:50:00+00:00,1.03109,1.03111,1.03091,1.03098,1905.0
2025-01-07 07:55:00+00:00,1.03098,1.03124,1.03084,1.03112,2181.0
2025-01-07 08:00:00+00:00,1.03112,1.03112,1.03087,1.03094,1141.0
2025-01-07 08:05:00+00:00,1.03094,1.03115,1.03082,1.03103,1426.0
2025-01-07 08:10:00+00:00,1.03103,1.03114,1.03078,1.03086,1004.0
2025-01-07 08:15:00+00:00,1.03086,1.03101,1.03064,1.03065,2210.0
2025-01-07 08:20:00+00:00,1.03065,1.03074,1.03046,1.0306,1231.0
2025-01-07 08:25:00+00:00,1.0306,1.03063,1.0303,1.03044,3064.0
2025-01-07 08:30:00+00:00,1.03044,1.03056,1.0303,1.03034,2719.0
2025-01-07 08:35:00+00:00,1.03034,1.03067,1.03027,1.03052,2728.0
2025-01-07 08:40:00+00:00,1.03052,1.03063,1.03017,1.03026,3695.0
2025-01-07 08:45:00+00:00,1.03026,1.03062,1.03024,1.03054,3557.0
2025-01-07 08:50:00+00:00,1.03054,1.03067,1.03051,1.03066,4198.0
2025-01-07 08:55:00+00:00,1.03066,1.03067,1.03036,1.0305,811.0
2025-01-07 09:00:00+00:00,1.0305,1.03073,1.03043,1.03071,1218.0
2025-01-07 09:05:00+00:00,1.03071,1.03077,1.03058,1.03061,939.0
2025-01-07 09:10:00+00:00,1.03061,1.0309,1.03059,1.03077,3892.0
2025-01-07 09:15:00+00:00,1.03077,1.03102,1.03072,1.03089,1857.0
2025-01-07 09:20:00+00:00,1.03089,1.031,1.03064,1.03077,854.0
2025-01-07 09:25:00+00:00,1.03077,1.03082,1.03062,1.03079,4119.0
2025-01-07 09:30:00+00:00,1.03079,1.03094,1.03062,1.03073,3696.0
2025-01-07 09:35:00+00:00,1.03073,1.03113,1.03062,1.03102,1972.0
2025-01-07 09:40:00+00:00,1.03102,1.03104,1.03094,1.03094,1829.0
2025-01-07 09:45:00+00:00,1.03094,1.03122,1.03089,1.03114,1035.0
2025-01-07 09:50:00+00:00,1.03114,1.03138,1.03102,1.03134,2428.0
2025-01-07 09:55:00+00:00,1.03134,1.03144,1.0312,1.03143,1428.0
2025-01-07 10:00:00+00:00,1.03143,1.03179,1.03132,1.03167,1353.0
2025-01-07 10:05:00+00:00,1.03167,1.03184,1.03148,1.03153,3259.0
2025-01-07 10:10:00+00:00,1.03153,1.03188,1.03142,1.03181,3654.0
2025-01-07 10:15:00+00:00,1.03181,1.03202,1.03177,1.03194,3280.0
2025-01-07 10:20:00+00:00,1.03194,1.03229,1.03182,1.03223,3019.0
2025-01-07 10:25:00+00:00,1.03223,1.03231,1.03206,1.03226,1524.0
2025-01-07 10:30:00+00:00,1.03226,1.03248,1.03213,1.03242,3290.0
2025-01-07 10:35:00+00:00,1.03242,1.03251,1.03213,1.03229,3351.0
2025-01-07 10:40:00+00:00,1.03229,1.03229,1.03219,1.0322,2837.0
2025-01-07 10:45:00+00:00,1.0322,1.03243,1.03217,1.03227,1160.0
2025-01-07 10:50:00+00:00,1.03227,1.03239,1.03221,1.03237,1315.0
2025-01-07 10:55:00+00:00,1.03237,1.03254,1.03235,1.03239,1554.0
2025-01-07 11:00:00+00:00,1.03239,1.03275,1.03234,1.03269,2976.0
2025-01-07 11:05:00+00:00,1.03269,1.03311,1.03266,1.03296,1153.0
2025-01-07 11:10:00+00:00,1.03296,1.03312,1.03262,1.03276,2614.0
2025-01-07 11:15:00+00:00,1.03276,1.03289,1.0326,1.03267,3481.0
2025-01-07 11:20:00+00:00,1.03267,1.03281,1.03236,1.03248,2315.0
2025-01-07 11:25:00+00:00,1.03248,1.03278,1.0324,1.03262,2683.0
2025-01-07 11:30:00+00:00,1.03262,1.03271,1.0325,1.03262,1736.0
2025-01-07 11:35:00+00:00,1.03262,1.03279,1.03248,1.03271,3132.0
2025-01-07 11:40:00+00:00,1.03271,1.03273,1.03255,1.03268,4209.0
2025-01-07 11:45:00+00:00,1.03268,1.03275,1.03263,1.0327,2461.0
2025-01-07 11:50:00+00:00,1.0327,1.03297,1.03264,1.0329,1087.0
2025-01-07 11:55:00+00:00,1.0329,1.03307,1.03278,1.03301,1630.0
2025-01-07 12:00:00+00:00,1.03301,1.03333,1.03293,1.03325,3372.0
2025-01-07 12:05:00+00:00,1.03325,1.03336,1.03309,1.03311,3841.0
2025-01-07 12:10:00+00:00,1.03311,1.03322,1.03293,1.03304,2840.0
2025-01-07 12:15:00+00:00,1.03304,1.03305,1.03291,1.03296,899.0
2025-01-07 12:20:00+00:00,1.03296,1.03301,1.03277,1.03282,2456.0
2025-01-07 12:25:00+00:00,1.03282,1.03306,1.03274,1.03296,1471.0
2025-01-07 12:30:00+00:00,1.03296,1.03303,1.03274,1.03278,1162.0
2025-01-07 12:35:00+00:00,1.03278,1.03282,1.03262,1.03275,2798.0
2025-01-07 12:40:00+00:00,1.03275,1.03281,1.03262,1.03274,3753.0
2025-01-07 12:45:00+00:00,1.03274,1.03278,1.03259,1.0326,816.0
2025-01-07 12:50:00+00:00,1.0326,1.03261,1.03251,1.03255,2573.0
2025-01-07 12:55:00+00:00,1.03255,1.0327,1.03246,1.03259,1809.0
2025-01-07 13:00:00+00:00,1.03259,1.03269,1.03249,1.03249,922.0
2025-01-07 13:05:00+00:00,1.03249,1.03257,1.03239,1.03246,2224.0
2025-01-07 13:10:00+00:00,1.03246,1.03269,1.03243,1.03257,2834.0
2025-01-07 13:15:00+00:00,1.03257,1.03268,1.03254,1.03259,3033.0
2025-01-07 13:20:00+00:00,1.03259,1.03264,1.03248,1.03249,3275.0
2025-01-07 13:25:00+00:00,1.03249,1.03283,1.03247,1.03273,1090.0
2025-01-07 13:30:00+00:00,1.03273,1.03298,1.03266,1.03287,2152.0
2025-01-07 13:35:00+00:00,1.03287,1.03288,1.03272,1.03273,3015.0
2025-01-07 13:40:00+00:00,1.03273,1.03274,1.0326,1.03267,1957.0
2025-01-07 13:45:00+00:00,1.03267,1.0327,1.03256,1.03263,2409.0
2025-01-07 13:50:00+00:00,1.03263,1.03273,1.03246,1.03251,3678.0
2025-01-07 13:55:00+00:00,1.03251,1.03269,1.03242,1.03262,1396.0
2025-01-07 14:00:00+00:00,1.03262,1.03285,1.0325,1.03277,3928.0
2025-01-07 14:05:00+00:00,1.03277,1.03286,1.03275,1.0328,972.0
2025-01-07 14:10:00+00:00,1.0328,1.03289,1.0325,1.0326,1124.0
2025-01-07 14:15:00+00:00,1.0326,1.03264,1.03245,1.03256,979.0
2025-01-07 14:20:00+00:00,1.03256,1.03268,1.03232,1.03241,3107.0
2025-01-07 14:25:00+00:00,1.03241,1.03263,1.03229,1.0326,4115.0
2025-01-07 14:30:00+00:00,1.0326,1.03268,1.03249,1.03253,1836.0
2025-01-07 14:35:00+00:00,1.03253,1.03273,1.03241,1.03259,1195.0
2025-01-07 14:40:00+00:00,1.03259,1.03271,1.03252,1.03265,2570.0
2025-01-07 14:45:00+00:00,1.03265,1.03266,1.03244,1.03254,801.0
2025-01-07 14:50:00+00:00,1.03254,1.03261,1.03234,1.03239,3071.0
2025-01-07 14:55:00+00:00,1.03239,1.03267,1.03227,1.03258,2222.0
2025-01-07 15:00:00+00:00,1.03258,1.0327,1.03252,1.03269,3937.0
2025-01-07 15:05:00+00:00,1.03269,1.03274,1.03266,1.03271,1489.0
2025-01-07 15:10:00+00:00,1.03271,1.03292,1.03267,1.03284,3233.0
2025-01-07 15:15:00+00:00,1.03284,1.03294,1.03278,1.03292,1181.0
2025-01-07 15:20:00+00:00,1.03292,1.03314,1.03286,1.03311,1107.0
2025-01-07 15:25:00+00:00,1.03311,1.03333,1.03298,1.03322,804.0
2025-01-07 15:30:00+00:00,1.03322,1.03333,1.03289,1.03304,1130.0
2025-01-07 15:35:00+00:00,1.03304,1.03321,1.03301,1.03316,956.0
2025-01-07 15:40:00+00:00,1.03316,1.03326,1.03312,1.03313,3057.0
2025-01-07 15:45:00+00:00,1.03313,1.03318,1.03306,1.03311,3721.0
2025-01-07 15:50:00+00:00,1.03311,1.03337,1.03304,1.0333,2980.0
2025-01-07 15:55:00+00:00,1.0333,1.03348,1.03324,1.03336,1179.0
2025-01-07 16:00:00+00:00,1.03336,1.03363,1.03322,1.03354,1538.0
2025-01-07 16:05:00+00:00,1.03354,1.03365,1.03339,1.03348,2560.0
2025-01-07 16:10:00+00:00,1.03348,1.03355,1.03333,1.03345,1344.0
2025-01-07 16:15:00+00:00,1.03345,1.03372,1.0334,1.03358,940.0
2025-01-07 16:20:00+00:00,1.03358,1.03359,1.03349,1.03352,2945.0
2025-01-07 16:25:00+00:00,1.03352,1.03361,1.03343,1.03359,1412.0
2025-01-07 16:30:00+00:00,1.03359,1.03362,1.03335,1.03348,1179.0
2025-01-07 16:35:00+00:00,1.03348,1.03376,1.03343,1.03368,3876.0
2025-01-07 16:40:00+00:00,1.03368,1.03393,1.03359,1.03385,1219.0
2025-01-07 16:45:00+00:00,1.03385,1.03397,1.03353,1.03365,1558.0
2025-01-07 16:50:00+00:00,1.03365,1.03373,1.03355,1.03362,1113.0
2025-01-07 16:55:00+00:00,1.03362,1.03371,1.03346,1.03349,1510.0
2025-01-07 17:00:00+00:00,1.03349,1.03372,1.03344,1.03364,1774.0
2025-01-07 17:05:00+00:00,1.03364,1.0338,1.03364,1.03375,1741.0
2025-01-07 17:10:00+00:00,1.03375,1.03377,1.03375,1.03377,3456.0
2025-01-07 17:15:00+00:00,1.03377,1.03379,1.0337,1.03378,2659.0
2025-01-07 17:20:00+00:00,1.03378,1.03394,1.03378,1.0339,1670.0
2025-01-07 17:25:00+00:00,1.0339,1.03395,1.03373,1.03375,1335.0
2025-01-07 17:30:00+00:00,1.03375,1.03396,1.03374,1.03388,1211.0
2025-01-07 17:35:00+00:00,1.03388,1.03394,1.03385,1.0339,1827.0
2025-01-07 17:40:00+00:00,1.0339,1.03412,1.03388,1.03408,4036.0
2025-01-07 17:45:00+00:00,1.03408,1.03417,1.03398,1.03413,1544.0
2025-01-07 17:50:00+00:00,1.03413,1.03425,1.0341,1.03415,3185.0
2025-01-07 17:55:00+00:00,1.03415,1.03418,1.03405,1.03408,3609.0
2025-01-07 18:00:00+00:00,1.03408,1.03425,1.03398,1.03416,1567.0
2025-01-07 18:05:00+00:00,1.03416,1.03436,1.03415,1.03426,3750.0
2025-01-07 18:10:00+00:00,1.03426,1.0343,1.03405,1.03409,4268.0
2025-01-07 18:15:00+00:00,1.03409,1.03417,1.03406,1.03413,1436.0
2025-01-07 18:20:00+00:00,1.03413,1.03414,1.03411,1.03413,3450.0
2025-01-07 18:25:00+00:00,1.03413,1.03431,1.03408,1.03429,2687.0
2025-01-07 18:30:00+00:00,1.03429,1.03431,1.0342,1.03428,2024.0
2025-01-07 18:35:00+00:00,1.03428,1.03439,1.03427,1.03429,3496.0
2025-01-07 18:40:00+00:00,1.03429,1.0345,1.03427,1.03443,2210.0
2025-01-07 18:45:00+00:00,1.03443,1.03466,1.03438,1.03457,2002.0
2025-01-07 18:50:00+00:00,1.03457,1.03467,1.03447,1.03447,2293.0
2025-01-07 18:55:00+00:00,1.03447,1.03452,1.03436,1.03438,1197.0
2025-01-07 19:00:00+00:00,1.03438,1.0345,1.03434,1.0345,2016.0
2025-01-07 19:05:00+00:00,1.0345,1.03451,1.03437,1.03442,2552.0
2025-01-07 19:10:00+00:00,1.03442,1.03456,1.03431,1.03454,3078.0
2025-01-07 19:15:00+00:00,1.03454,1.03464,1.03435,1.03441,2301.0
2025-01-07 19:20:00+00:00,1.03441,1.0345,1.03427,1.03429,1743.0
2025-01-07 19:25:00+00:00,1.03429,1.03437,1.0342,1.03434,2456.0
2025-01-07 19:30:00+00:00,1.03434,1.03434,1.03425,1.03434,3274.0
2025-01-07 19:35:00+00:00,1.03434,1.03458,1.03427,1.03448,1299.0
2025-01-07 19:40:00+00:00,1.03448,1.03455,1.03426,1.03434,3723.0
2025-01-07 19:45:00+00:00,1.03434,1.03452,1.03425,1.03443,1903.0
2025-01-07 19:50:00+00:00,1.03443,1.03452,1.0343,1.03437,1393.0
2025-01-07 19:55:00+00:00,1.03437,1.03447,1.0343,1.03443,1116.0
2025-01-07 20:00:00+00:00,1.03443,1.03453,1.03434,1.03442,860.0
2025-01-07 20:05:00+00:00,1.03442,1.03458,1.0344,1.03453,3382.0
2025-01-07 20:10:00+00:00,1.03453,1.03463,1.03438,1.03439,1570.0
2025-01-07 20:15:00+00:00,1.03439,1.03442,1.03433,1.03435,2539.0
2025-01-07 20:20:00+00:00,1.03435,1.03447,1.03429,1.0344,2048.0
2025-01-07 20:25:00+00:00,1.0344,1.03461,1.0343,1.03454,1919.0
2025-01-07 20:30:00+00:00,1.03454,1.03456,1.03441,1.03449,3433.0
2025-01-07 20:35:00+00:00,1.03449,1.03459,1.03447,1.03454,3927.0
2025-01-07 20:40:00+00:00,1.03454,1.0347,1.03451,1.03461,4151.0
2025-01-07 20:45:00+00:00,1.03461,1.03464,1.03455,1.03459,2122.0
2025-01-07 20:50:00+00:00,1.03459,1.03467,1.03448,1.03453,2615.0
2025-01-07 20:55:00+00:00,1.03453,1.0346,1.03445,1.03451,1988.0
2025-01-07 21:00:00+00:00,1.03451,1.03468,1.03443,1.03459,2683.0
2025-01-07 21:05:00+00:00,1.03459,1.0346,1.03436,1.03444,3678.0
2025-01-07 21:10:00+00:00,1.03444,1.0345,1.0344,1.03444,3828.0
2025-01-07 21:15:00+00:00,1.03444,1.03454,1.03439,1.03447,4207.0
2025-01-07 21:20:00+00:00,1.03447,1.0347,1.03442,1.03464,1089.0
2025-01-07 21:25:00+00:00,1.03464,1.03488,1.03456,1.03478,3031.0
2025-01-07 21:30:00+00:00,1.03478,1.03495,1.03475,1.03485,2264.0
2025-01-07 21:35:00+00:00,1.03485,1.03493,1.0348,1.03482,3338.0
2025-01-07 21:40:00+00:00,1.03482,1.03494,1.03482,1.03488,3251.0
2025-01-07 21:45:00+00:00,1.03488,1.03493,1.03482,1.03493,4266.0
2025-01-07 21:50:00+00:00,1.03493,1.03507,1.03488,1.03503,2095.0
2025-01-07 21:55:00+00:00,1.03503,1.03525,1.035,1.03516,2507.0
2025-01-07 22:00:00+00:00,1.03516,1.03523,1.03508,1.03508,1297.0
2025-01-07 22:05:00+00:00,1.03508,1.03509,1.03507,1.03509,3654.0
2025-01-07 22:10:00+00:00,1.03509,1.0351,1.03494,1.035,2158.0
2025-01-07 22:15:00+00:00,1.035,1.03501,1.03492,1.03499,2998.0
2025-01-07 22:20:00+00:00,1.03499,1.03504,1.03495,1.03503,1659.0
2025-01-07 22:25:00+00:00,1.03503,1.03518,1.03503,1.03515,1945.0
2025-01-07 22:30:00+00:00,1.03515,1.03522,1.03512,1.0352,1660.0
2025-01-07 22:35:00+00:00,1.0352,1.03536,1.03515,1.03531,3982.0
2025-01-07 22:40:00+00:00,1.03531,1.03535,1.03525,1.03527,1430.0
2025-01-07 22:45:00+00:00,1.03527,1.03532,1.03522,1.0353,1429.0
2025-01-07 22:50:00+00:00,1.0353,1.03544,1.03529,1.0354,1194.0
2025-01-07 22:55:00+00:00,1.0354,1.03544,1.03535,1.03537,3188.0
2025-01-07 23:00:00+00:00,1.03537,1.0355,1.03531,1.03549,4198.0
2025-01-07 23:05:00+00:00,1.03549,1.03559,1.03545,1.03555,3195.0
2025-01-07 23:10:00+00:00,1.03555,1.03557,1.03545,1.03546,869.0
2025-01-07 23:15:00+00:00,1.03546,1.03552,1.03545,1.03552,1392.0
2025-01-07 23:20:00+00:00,1.03552,1.03553,1.03535,1.03541,2728.0
2025-01-07 23:25:00+00:00,1.03541,1.03552,1.03535,1.03551,3225.0
2025-01-07 23:30:00+00:00,1.03551,1.03563,1.03551,1.03559,3654.0
2025-01-07 23:35:00+00:00,1.03559,1.03564,1.03559,1.03564,1080.0
2025-01-07 23:40:00+00:00,1.03564,1.03578,1.0356,1.03571,3393.0
2025-01-07 23:45:00+00:00,1.03571,1.03584,1.03565,1.03579,3205.0
2025-01-07 23:50:00+00:00,1.03579,1.03581,1.03569,1.0357,3320.0
2025-01-07 23:55:00+00:00,1.0357,1.03582,1.03562,1.03579,3361.0
2025-01-08 00:00:00+00:00,1.03579,1.03581,1.03566,1.03571,2260.0
2025-01-08 00:05:00+00:00,1.03571,1.03585,1.03565,1.03581,3889.0
2025-01-08 00:10:00+00:00,1.03581,1.03581,1.03572,1.03573,3485.0
2025-01-08 00:15:00+00:00,1.03573,1.03577,1.03571,1.03573,2748.0
2025-01-08 00:20:00+00:00,1.03573,1.03581,1.03569,1.03577,3077.0
2025-01-08 00:25:00+00:00,1.03577,1.03588,1.0357,1.03583,867.0
2025-01-08 00:30:00+00:00,1.03583,1.03586,1.03577,1.03579,3905.0
2025-01-08 00:35:00+00:00,1.03579,1.03591,1.03577,1.03589,3210.0
2025-01-08 00:40:00+00:00,1.03589,1.03592,1.03585,1.03587,1261.0
2025-01-08 00:45:00+00:00,1.03587,1.03589,1.03577,1.03583,1048.0
2025-01-08 00:50:00+00:00,1.03583,1.03585,1.03579,1.03585,1081.0
2025-01-08 00:55:00+00:00,1.03585,1.03585,1.03574,1.03579,3908.0
2025-01-08 01:00:00+00:00,1.03579,1.03596,1.03579,1.03591,1918.0
2025-01-08 01:05:00+00:00,1.03591,1.03593,1.03591,1.03591,4252.0
2025-01-08 01:10:00+00:00,1.03591,1.036,1.03588,1.03594,1669.0
2025-01-08 01:15:00+00:00,1.03594,1.03596,1.03579,1.03583,1539.0
2025-01-08 01:20:00+00:00,1.03583,1.03598,1.03578,1.03594,3715.0
2025-01-08 01:25:00+00:00,1.03594,1.03595,1.03582,1.03589,2104.0
2025-01-08 01:30:00+00:00,1.03589,1.03594,1.03581,1.03587,1681.0
2025-01-08 01:35:00+00:00,1.03587,1.03589,1.03585,1.03587,1203.0
2025-01-08 01:40:00+00:00,1.03587,1.03592,1.03574,1.03579,976.0
2025-01-08 01:45:00+00:00,1.03579,1.03586,1.03571,1.03573,4253.0
2025-01-08 01:50:00+00:00,1.03573,1.03584,1.03571,1.03583,3580.0
2025-01-08 01:55:00+00:00,1.03583,1.03595,1.03576,1.03592,2434.0
2025-01-08 02:00:00+00:00,1.03592,1.03592,1.03587,1.03588,1451.0
2025-01-08 02:05:00+00:00,1.03588,1.03593,1.03574,1.03581,2683.0
2025-01-08 02:10:00+00:00,1.03581,1.03586,1.03575,1.03582,3356.0
2025-01-08 02:15:00+00:00,1.03582,1.03594,1.03578,1.03593,1787.0
2025-01-08 02:20:00+00:00,1.03593,1.03597,1.03583,1.03586,883.0
2025-01-08 02:25:00+00:00,1.03586,1.03587,1.03577,1.03582,3208.0
2025-01-08 02:30:00+00:00,1.03582,1.03592,1.03578,1.0359,1489.0
2025-01-08 02:35:00+00:00,1.0359,1.03595,1.03587,1.03588,953.0
2025-01-08 02:40:00+00:00,1.03588,1.03588,1.03587,1.03588,2770.0
2025-01-08 02:45:00+00:00,1.03588,1.03591,1.03582,1.03582,835.0
2025-01-08 02:50:00+00:00,1.03582,1.03589,1.03578,1.03583,1187.0
2025-01-08 02:55:00+00:00,1.03583,1.03585,1.03579,1.03583,3882.0
2025-01-08 03:00:00+00:00,1.03583,1.03585,1.0357,1.03575,2050.0
2025-01-08 03:05:00+00:00,1.03575,1.03575,1.03566,1.0357,1121.0
2025-01-08 03:10:00+00:00,1.0357,1.03577,1.03565,1.03577,3831.0
2025-01-08 03:15:00+00:00,1.03577,1.0358,1.03565,1.03566,1618.0
2025-01-08 03:20:00+00:00,1.03566,1.03574,1.03564,1.03567,3292.0
2025-01-08 03:25:00+00:00,1.03567,1.03573,1.03562,1.03566,2778.0
2025-01-08 03:30:00+00:00,1.03566,1.03569,1.03563,1.03565,1268.0
2025-01-08 03:35:00+00:00,1.03565,1.03571,1.03559,1.03569,3376.0
2025-01-08 03:40:00+00:00,1.03569,1.03575,1.03559,1.03559,3511.0
2025-01-08 03:45:00+00:00,1.03559,1.03563,1.03544,1.03548,1733.0
2025-01-08 03:50:00+00:00,1.03548,1.03549,1.03538,1.03539,2642.0
2025-01-08 03:55:00+00:00,1.03539,1.03544,1.03536,1.0354,2265.0
2025-01-08 04:00:00+00:00,1.0354,1.03546,1.03528,1.0353,2424.0
2025-01-08 04:05:00+00:00,1.0353,1.03545,1.03529,1.03541,1022.0
2025-01-08 04:10:00+00:00,1.03541,1.03545,1.03537,1.03541,2437.0
2025-01-08 04:15:00+00:00,1.03541,1.03548,1.03536,1.0354,1572.0
2025-01-08 04:20:00+00:00,1.0354,1.03545,1.03535,1.03536,2555.0
2025-01-08 04:25:00+00:00,1.03536,1.03539,1.03527,1.03528,1286.0
2025-01-08 04:30:00+00:00,1.03528,1.03534,1.03527,1.03531,3305.0
2025-01-08 04:35:00+00:00,1.03531,1.03542,1.03527,1.0354,4027.0
2025-01-08 04:40:00+00:00,1.0354,1.0355,1.03533,1.03546,3734.0
2025-01-08 04:45:00+00:00,1.03546,1.03547,1.03539,1.03545,1856.0
2025-01-08 04:50:00+00:00,1.03545,1.03545,1.03535,1.03543,2214.0
2025-01-08 04:55:00+00:00,1.03543,1.03556,1.0354,1.03553,1657.0
2025-01-08 05:00:00+00:00,1.03553,1.03555,1.03542,1.03546,1892.0
2025-01-08 05:05:00+00:00,1.03546,1.03559,1.03542,1.03553,2230.0
2025-01-08 05:10:00+00:00,1.03553,1.03557,1.03539,1.03544,1623.0
2025-01-08 05:15:00+00:00,1.03544,1.03549,1.03542,1.03548,1572.0
2025-01-08 05:20:00+00:00,1.03548,1.03563,1.03544,1.03559,2503.0
2025-01-08 05:25:00+00:00,1.03559,1.03561,1.03553,1.03554,1106.0
2025-01-08 05:30:00+00:00,1.03554,1.03559,1.0354,1.03543,3002.0
2025-01-08 05:35:00+00:00,1.03543,1.03543,1.03531,1.03533,3991.0
2025-01-08 05:40:00+00:00,1.03533,1.03534,1.0352,1.03523,2435.0
2025-01-08 05:45:00+00:00,1.03523,1.03527,1.03513,1.0352,1679.0
2025-01-08 05:50:00+00:00,1.0352,1.03522,1.03511,1.03518,4167.0
2025-01-08 05:55:00+00:00,1.03518,1.03529,1.03513,1.03526,3526.0
2025-01-08 06:00:00+00:00,1.03526,1.03536,1.03523,1.03532,3402.0
2025-01-08 06:05:00+00:00,1.03532,1.03546,1.03529,1.03541,3856.0
2025-01-08 06:10:00+00:00,1.03541,1.03546,1.03529,1.03532,875.0
2025-01-08 06:15:00+00:00,1.03532,1.03533,1.03523,1.03527,3020.0
2025-01-08 06:20:00+00:00,1.03527,1.03533,1.03526,1.03527,3585.0
2025-01-08 06:25:00+00:00,1.03527,1.03531,1.03524,1.03528,3112.0
2025-01-08 06:30:00+00:00,1.03528,1.03538,1.03526,1.03537,4067.0
2025-01-08 06:35:00+00:00,1.03537,1.0354,1.03532,1.03532,1685.0
2025-01-08 06:40:00+00:00,1.03532,1.03537,1.03522,1.03529,3129.0
2025-01-08 06:45:00+00:00,1.03529,1.03532,1.03522,1.03526,1268.0
2025-01-08 06:50:00+00:00,1.03526,1.03531,1.03507,1.03514,3914.0
2025-01-08 06:55:00+00:00,1.03514,1.0352,1.03507,1.03508,3501.0
2025-01-08 07:00:00+00:00,1.03508,1.0352,1.03489,1.03489,2600.0
2025-01-08 07:05:00+00:00,1.03489,1.03523,1.03489,1.03514,1555.0
2025-01-08 07:10:00+00:00,1.03514,1.0353,1.03485,1.03486,1071.0
2025-01-08 07:15:00+00:00,1.03486,1.03502,1.0346,1.03468,3777.0
2025-01-08 07:20:00+00:00,1.03468,1.03485,1.03452,1.03478,3194.0
2025-01-08 07:25:00+00:00,1.03478,1.03496,1.03477,1.03492,1947.0
2025-01-08 07:30:00+00:00,1.03492,1.03516,1.03476,1.03505,900.0
2025-01-08 07:35:00+00:00,1.03505,1.03521,1.03471,1.03482,2348.0
2025-01-08 07:40:00+00:00,1.03482,1.03482,1.03466,1.03477,1878.0
2025-01-08 07:45:00+00:00,1.03477,1.03487,1.0346,1.03461,873.0
2025-01-08 07:50:00+00:00,1.03461,1.03471,1.03449,1.03466,2021.0
2025-01-08 07:55:00+00:00,1.03466,1.03491,1.03463,1.03483,2769.0
2025-01-08 08:00:00+00:00,1.03483,1.0349,1.03463,1.03467,2617.0
2025-01-08 08:05:00+00:00,1.03467,1.03474,1.03431,1.03441,816.0
2025-01-08 08:10:00+00:00,1.03441,1.0345,1.03438,1.0344,1336.0
2025-01-08 08:15:00+00:00,1.0344,1.03453,1.03435,1.03437,2267.0
2025-01-08 08:20:00+00:00,1.03437,1.03468,1.03433,1.03457,3562.0
2025-01-08 08:25:00+00:00,1.03457,1.03461,1.03452,1.03453,3313.0
2025-01-08 08:30:00+00:00,1.03453,1.03455,1.03432,1.03445,919.0
2025-01-08 08:35:00+00:00,1.03445,1.03457,1.03411,1.03422,3063.0
2025-01-08 08:40:00+00:00,1.03422,1.03432,1.03406,1.03425,2843.0
2025-01-08 08:45:00+00:00,1.03425,1.0344,1.03413,1.03431,1072.0
2025-01-08 08:50:00+00:00,1.03431,1.03443,1.03425,1.03428,1646.0
2025-01-08 08:55:00+00:00,1.03428,1.03439,1.03416,1.03426,4298.0
2025-01-08 09:00:00+00:00,1.03426,1.0345,1.03412,1.03438,3476.0
2025-01-08 09:05:00+00:00,1.03438,1.03446,1.03423,1.03426,1148.0
2025-01-08 09:10:00+00:00,1.03426,1.03449,1.03422,1.03443,3540.0
2025-01-08 09:15:00+00:00,1.03443,1.03457,1.03437,1.03442,4042.0
2025-01-08 09:20:00+00:00,1.03442,1.0347,1.03434,1.03458,1210.0
2025-01-08 09:25:00+00:00,1.03458,1.03484,1.03445,1.03477,2136.0
2025-01-08 09:30:00+00:00,1.03477,1.03506,1.03476,1.03497,3117.0
2025-01-08 09:35:00+00:00,1.03497,1.0351,1.03495,1.03507,4061.0
2025-01-08 09:40:00+00:00,1.03507,1.03539,1.03504,1.03525,4117.0
2025-01-08 09:45:00+00:00,1.03525,1.03526,1.03495,1.03504,1063.0
2025-01-08 09:50:00+00:00,1.03504,1.03516,1.03497,1.0351,3484.0
2025-01-08 09:55:00+00:00,1.0351,1.03519,1.03482,1.03494,4178.0
2025-01-08 10:00:00+00:00,1.03494,1.03506,1.03455,1.0347,3889.0
2025-01-08 10:05:00+00:00,1.0347,1.03486,1.03456,1.0346,3487.0
2025-01-08 10:10:00+00:00,1.0346,1.03464,1.03443,1.03454,3333.0
2025-01-08 10:15:00+00:00,1.03454,1.03469,1.03415,1.0343,1249.0
2025-01-08 10:20:00+00:00,1.0343,1.0343,1.034,1.03401,2631.0
2025-01-08 10:25:00+00:00,1.03401,1.0341,1.03381,1.03397,1470.0
2025-01-08 10:30:00+00:00,1.03397,1.03403,1.03382,1.03399,1931.0
2025-01-08 10:35:00+00:00,1.03399,1.03409,1.03366,1.0337,1957.0
2025-01-08 10:40:00+00:00,1.0337,1.03383,1.03349,1.03365,2082.0
2025-01-08 10:45:00+00:00,1.03365,1.03369,1.03331,1.03335,3921.0
2025-01-08 10:50:00+00:00,1.03335,1.03355,1.03328,1.03346,4245.0
2025-01-08 10:55:00+00:00,1.03346,1.03375,1.03341,1.0337,2349.0
2025-01-08 11:00:00+00:00,1.0337,1.03385,1.03358,1.03373,4204.0
2025-01-08 11:05:00+00:00,1.03373,1.03377,1.03361,1.03372,3666.0
2025-01-08 11:10:00+00:00,1.03372,1.03396,1.03362,1.03386,3219.0
2025-01-08 11:15:00+00:00,1.03386,1.03401,1.03366,1.03372,1707.0
2025-01-08 11:20:00+00:00,1.03372,1.03374,1.03342,1.03343,3171.0
2025-01-08 11:25:00+00:00,1.03343,1.03345,1.03329,1.03337,2672.0
2025-01-08 11:30:00+00:00,1.03337,1.03347,1.03307,1.03318,2847.0
2025-01-08 11:35:00+00:00,1.03318,1.03324,1.03301,1.03322,2597.0
2025-01-08 11:40:00+00:00,1.03322,1.03348,1.0331,1.03338,2087.0
2025-01-08 11:45:00+00:00,1.03338,1.03348,1.03334,1.03335,2207.0
2025-01-08 11:50:00+00:00,1.03335,1.03339,1.03319,1.03337,983.0
2025-01-08 11:55:00+00:00,1.03337,1.03338,1.03309,1.03325,936.0
2025-01-08 12:00:00+00:00,1.03325,1.03326,1.03308,1.03309,3705.0
2025-01-08 12:05:00+00:00,1.03309,1.03317,1.03285,1.03298,4054.0
2025-01-08 12:10:00+00:00,1.03298,1.03303,1.03287,1.03296,4099.0
2025-01-08 12:15:00+00:00,1.03296,1.03304,1.03274,1.03285,3286.0
2025-01-08 12:20:00+00:00,1.03285,1.03286,1.03268,1.03281,2107.0
2025-01-08 12:25:00+00:00,1.03281,1.03295,1.03249,1.03261,1680.0
2025-01-08 12:30:00+00:00,1.03261,1.03265,1.0325,1.03258,1220.0
2025-01-08 12:35:00+00:00,1.03258,1.03265,1.03244,1.03252,1631.0
2025-01-08 12:40:00+00:00,1.03252,1.03263,1.03252,1.03261,2385.0
2025-01-08 12:45:00+00:00,1.03261,1.03266,1.03251,1.03257,4201.0
2025-01-08 12:50:00+00:00,1.03257,1.0327,1.03246,1.03259,2036.0
2025-01-08 12:55:00+00:00,1.03259,1.0327,1.03253,1.03259,2584.0
2025-01-08 13:00:00+00:00,1.03259,1.03266,1.03251,1.03252,2085.0
2025-01-08 13:05:00+00:00,1.03252,1.03256,1.03224,1.03229,4262.0
2025-01-08 13:10:00+00:00,1.03229,1.03236,1.03206,1.03213,2606.0
2025-01-08 13:15:00+00:00,1.03213,1.03234,1.03211,1.03224,3100.0
2025-01-08 13:20:00+00:00,1.03224,1.03244,1.03214,1.03244,3565.0
2025-01-08 13:25:00+00:00,1.03244,1.03263,1.03234,1.03254,842.0
2025-01-08 13:30:00+00:00,1.03254,1.03259,1.0323,1.03239,1596.0
2025-01-08 13:35:00+00:00,1.03239,1.03259,1.03235,1.03259,922.0
2025-01-08 13:40:00+00:00,1.03259,1.03265,1.03245,1.03264,2576.0
2025-01-08 13:45:00+00:00,1.03264,1.03285,1.03257,1.03275,2274.0
2025-01-08 13:50:00+00:00,1.03275,1.03294,1.03269,1.03292,1150.0
2025-01-08 13:55:00+00:00,1.03292,1.03293,1.03273,1.03273,3441.0
2025-01-08 14:00:00+00:00,1.03273,1.03288,1.0327,1.03276,3696.0
2025-01-08 14:05:00+00:00,1.03276,1.03292,1.03264,1.0329,1826.0
2025-01-08 14:10:00+00:00,1.0329,1.03302,1.03267,1.03273,2442.0
2025-01-08 14:15:00+00:00,1.03273,1.033,1.03264,1.03286,3986.0
2025-01-08 14:20:00+00:00,1.03286,1.03311,1.03284,1.03301,1053.0
2025-01-08 14:25:00+00:00,1.03301,1.03313,1.03282,1.03284,2999.0
2025-01-08 14:30:00+00:00,1.03284,1.03293,1.03277,1.0328,1478.0
2025-01-08 14:35:00+00:00,1.0328,1.03294,1.03274,1.0329,4168.0
2025-01-08 14:40:00+00:00,1.0329,1.03296,1.03273,1.0328,3692.0
2025-01-08 14:45:00+00:00,1.0328,1.03292,1.03258,1.03271,1256.0
2025-01-08 14:50:00+00:00,1.03271,1.03281,1.03236,1.03246,2462.0
2025-01-08 14:55:00+00:00,1.03246,1.03247,1.03222,1.03225,2192.0
2025-01-08 15:00:00+00:00,1.03225,1.03239,1.0322,1.03238,2734.0
2025-01-08 15:05:00+00:00,1.03238,1.0325,1.03231,1.03243,2152.0
2025-01-08 15:10:00+00:00,1.03243,1.03262,1.03238,1.03253,2492.0
2025-01-08 15:15:00+00:00,1.03253,1.03266,1.03246,1.03252,3772.0
2025-01-08 15:20:00+00:00,1.03252,1.03264,1.03243,1.03244,3613.0
2025-01-08 15:25:00+00:00,1.03244,1.03258,1.03242,1.03244,1751.0
2025-01-08 15:30:00+00:00,1.03244,1.03256,1.03207,1.03221,875.0
2025-01-08 15:35:00+00:00,1.03221,1.03246,1.03213,1.0324,1874.0
2025-01-08 15:40:00+00:00,1.0324,1.03251,1.03232,1.03234,1097.0
2025-01-08 15:45:00+00:00,1.03234,1.03245,1.03231,1.03232,3173.0
2025-01-08 15:50:00+00:00,1.03232,1.03237,1.03207,1.03214,1306.0
2025-01-08 15:55:00+00:00,1.03214,1.03235,1.03208,1.03224,3430.0
2025-01-08 16:00:00+00:00,1.03224,1.03253,1.03212,1.03239,4221.0
2025-01-08 16:05:00+00:00,1.03239,1.03256,1.03236,1.03248,3549.0
2025-01-08 16:10:00+00:00,1.03248,1.03258,1.03247,1.03254,3005.0
2025-01-08 16:15:00+00:00,1.03254,1.03273,1.03253,1.03273,2765.0
2025-01-08 16:20:00+00:00,1.03273,1.03296,1.03261,1.03291,1013.0
2025-01-08 16:25:00+00:00,1.03291,1.03305,1.03281,1.03291,1083.0
2025-01-08 16:30:00+00:00,1.03291,1.03317,1.03289,1.03304,3404.0
2025-01-08 16:35:00+00:00,1.03304,1.0331,1.03293,1.03309,1309.0
2025-01-08 16:40:00+00:00,1.03309,1.03309,1.03298,1.03304,3595.0
2025-01-08 16:45:00+00:00,1.03304,1.03315,1.03281,1.03288,1375.0
2025-01-08 16:50:00+00:00,1.03288,1.03297,1.03284,1.03295,1250.0
2025-01-08 16:55:00+00:00,1.03295,1.03306,1.03283,1.03303,2217.0
2025-01-08 17:00:00+00:00,1.03303,1.03311,1.03291,1.03297,2218.0
2025-01-08 17:05:00+00:00,1.03297,1.03306,1.03292,1.03299,1658.0
2025-01-08 17:10:00+00:00,1.03299,1.0331,1.03282,1.03288,2089.0
2025-01-08 17:15:00+00:00,1.03288,1.03309,1.03285,1.03302,1594.0
2025-01-08 17:20:00+00:00,1.03302,1.03308,1.03301,1.03306,888.0
2025-01-08 17:25:00+00:00,1.03306,1.03307,1.03302,1.03305,2011.0
2025-01-08 17:30:00+00:00,1.03305,1.03313,1.03281,1.03292,1161.0
2025-01-08 17:35:00+00:00,1.03292,1.0331,1.03291,1.03305,820.0
2025-01-08 17:40:00+00:00,1.03305,1.03315,1.03292,1.03298,1266.0
2025-01-08 17:45:00+00:00,1.03298,1.03307,1.03285,1.03293,2251.0
2025-01-08 17:50:00+00:00,1.03293,1.033,1.03291,1.03294,1701.0
2025-01-08 17:55:00+00:00,1.03294,1.03301,1.03284,1.03298,3185.0
2025-01-08 18:00:00+00:00,1.03298,1.03315,1.03297,1.03306,3530.0
2025-01-08 18:05:00+00:00,1.03306,1.03307,1.03289,1.03291,1738.0
2025-01-08 18:10:00+00:00,1.03291,1.03299,1.03273,1.03282,1924.0
2025-01-08 18:15:00+00:00,1.03282,1.03284,1.03267,1.03269,3993.0
2025-01-08 18:20:00+00:00,1.03269,1.03277,1.03253,1.0326,948.0
2025-01-08 18:25:00+00:00,1.0326,1.03266,1.03237,1.03242,4257.0
2025-01-08 18:30:00+00:00,1.03242,1.03257,1.03236,1.03246,4268.0
2025-01-08 18:35:00+00:00,1.03246,1.03253,1.03244,1.03251,3628.0
2025-01-08 18:40:00+00:00,1.03251,1.03267,1.03242,1.03265,1099.0
2025-01-08 18:45:00+00:00,1.03265,1.03285,1.03264,1.03277,2785.0
2025-01-08 18:50:00+00:00,1.03277,1.03285,1.03273,1.03285,888.0
2025-01-08 18:55:00+00:00,1.03285,1.03294,1.03268,1.03275,4178.0
2025-01-08 19:00:00+00:00,1.03275,1.03295,1.03274,1.03284,4154.0
2025-01-08 19:05:00+00:00,1.03284,1.03288,1.03263,1.0327,1906.0
2025-01-08 19:10:00+00:00,1.0327,1.03278,1.03258,1.03262,4064.0
2025-01-08 19:15:00+00:00,1.03262,1.03263,1.03247,1.03256,2558.0
2025-01-08 19:20:00+00:00,1.03256,1.03258,1.03253,1.03254,1165.0
2025-01-08 19:25:00+00:00,1.03254,1.03271,1.03248,1.03269,4039.0
2025-01-08 19:30:00+00:00,1.03269,1.03282,1.03261,1.03281,3165.0
2025-01-08 19:35:00+00:00,1.03281,1.0329,1.03266,1.03275,2102.0
2025-01-08 19:40:00+00:00,1.03275,1.03277,1.03271,1.03277,2984.0
2025-01-08 19:45:00+00:00,1.03277,1.03293,1.03275,1.03284,2886.0
2025-01-08 19:50:00+00:00,1.03284,1.03307,1.03276,1.03301,3399.0
2025-01-08 19:55:00+00:00,1.03301,1.03306,1.03281,1.03287,2884.0
2025-01-08 20:00:00+00:00,1.03287,1.03297,1.03272,1.03283,2122.0
2025-01-08 20:05:00+00:00,1.03283,1.03283,1.03271,1.03276,3218.0
2025-01-08 20:10:00+00:00,1.03276,1.03283,1.03271,1.03273,1125.0
2025-01-08 20:15:00+00:00,1.03273,1.03282,1.03255,1.03258,2214.0
2025-01-08 20:20:00+00:00,1.03258,1.0326,1.03241,1.03247,2348.0
2025-01-08 20:25:00+00:00,1.03247,1.03253,1.03222,1.03229,1886.0
2025-01-08 20:30:00+00:00,1.03229,1.03234,1.03222,1.03223,2969.0
2025-01-08 20:35:00+00:00,1.03223,1.03229,1.03205,1.0321,1278.0
2025-01-08 20:40:00+00:00,1.0321,1.03224,1.03208,1.03216,3070.0
2025-01-08 20:45:00+00:00,1.03216,1.03224,1.03211,1.0322,2204.0
2025-01-08 20:50:00+00:00,1.0322,1.03224,1.03208,1.03211,2659.0
2025-01-08 20:55:00+00:00,1.03211,1.03212,1.03202,1.03202,1949.0
2025-01-08 21:00:00+00:00,1.03202,1.03214,1.03194,1.03207,2451.0
2025-01-08 21:05:00+00:00,1.03207,1.03219,1.03205,1.0321,1865.0
2025-01-08 21:10:00+00:00,1.0321,1.03213,1.03195,1.03196,1076.0
2025-01-08 21:15:00+00:00,1.03196,1.03208,1.03188,1.03198,1304.0
2025-01-08 21:20:00+00:00,1.03198,1.03202,1.03174,1.03183,2753.0
2025-01-08 21:25:00+00:00,1.03183,1.03195,1.03181,1.03195,4060.0
2025-01-08 21:30:00+00:00,1.03195,1.03205,1.03184,1.03188,1414.0
2025-01-08 21:35:00+00:00,1.03188,1.03192,1.03168,1.03173,4206.0
2025-01-08 21:40:00+00:00,1.03173,1.03196,1.03166,1.03186,3732.0
2025-01-08 21:45:00+00:00,1.03186,1.03198,1.03177,1.03193,1506.0
2025-01-08 21:50:00+00:00,1.03193,1.03207,1.03189,1.03205,3559.0
2025-01-08 21:55:00+00:00,1.03205,1.03208,1.03201,1.03202,1901.0
2025-01-08 22:00:00+00:00,1.03202,1.03208,1.03196,1.03204,1544.0
2025-01-08 22:05:00+00:00,1.03204,1.03219,1.032,1.03215,2450.0
2025-01-08 22:10:00+00:00,1.03215,1.03216,1.03202,1.03206,1346.0
2025-01-08 22:15:00+00:00,1.03206,1.03206,1.03195,1.03202,1682.0
2025-01-08 22:20:00+00:00,1.03202,1.03209,1.03196,1.032,2673.0
2025-01-08 22:25:00+00:00,1.032,1.03202,1.03187,1.03194,1165.0
2025-01-08 22:30:00+00:00,1.03194,1.032,1.0319,1.03195,1550.0
2025-01-08 22:35:00+00:00,1.03195,1.03203,1.03192,1.03201,4298.0
2025-01-08 22:40:00+00:00,1.03201,1.03201,1.0319,1.03196,1526.0
2025-01-08 22:45:00+00:00,1.03196,1.03204,1.03191,1.03199,2307.0
2025-01-08 22:50:00+00:00,1.03199,1.03214,1.03193,1.03211,1144.0
2025-01-08 22:55:00+00:00,1.03211,1.03216,1.032,1.03203,3894.0
2025-01-08 23:00:00+00:00,1.03203,1.03205,1.032,1.03204,2599.0
2025-01-08 23:05:00+00:00,1.03204,1.03206,1.03197,1.03198,2527.0
2025-01-08 23:10:00+00:00,1.03198,1.03203,1.03184,1.03187,3636.0
2025-01-08 23:15:00+00:00,1.03187,1.03194,1.03183,1.03189,2921.0
2025-01-08 23:20:00+00:00,1.03189,1.03191,1.03182,1.03183,2972.0
2025-01-08 23:25:00+00:00,1.03183,1.03191,1.03181,1.03189,1693.0
2025-01-08 23:30:00+00:00,1.03189,1.03196,1.03189,1.03193,1938.0
2025-01-08 23:35:00+00:00,1.03193,1.03199,1.03179,1.03184,2491.0
2025-01-08 23:40:00+00:00,1.03184,1.03197,1.03183,1.03194,3565.0
2025-01-08 23:45:00+00:00,1.03194,1.03199,1.03187,1.03194,1964.0
2025-01-08 23:50:00+00:00,1.03194,1.03197,1.03189,1.03193,1184.0
2025-01-08 23:55:00+00:00,1.03193,1.03203,1.03191,1.03203,2996.0
2025-01-09 00:00:00+00:00,1.03203,1.03206,1.03192,1.03198,985.0
2025-01-09 00:05:00+00:00,1.03198,1.03203,1.03191,1.03201,3467.0
2025-01-09 00:10:00+00:00,1.03201,1.03203,1.0319,1.03191,3220.0
2025-01-09 00:15:00+00:00,1.03191,1.03201,1.03185,1.03193,1965.0
2025-01-09 00:20:00+00:00,1.03193,1.03198,1.03183,1.03184,2083.0
2025-01-09 00:25:00+00:00,1.03184,1.03186,1.03173,1.03177,4280.0
2025-01-09 00:30:00+00:00,1.03177,1.0319,1.03171,1.03186,2788.0
2025-01-09 00:35:00+00:00,1.03186,1.03191,1.0318,1.03191,933.0
2025-01-09 00:40:00+00:00,1.03191,1.03204,1.03187,1.03201,2035.0
2025-01-09 00:45:00+00:00,1.03201,1.03207,1.03198,1.032,1037.0
2025-01-09 00:50:00+00:00,1.032,1.03204,1.03194,1.03197,2991.0
2025-01-09 00:55:00+00:00,1.03197,1.03203,1.03196,1.03196,887.0
2025-01-09 01:00:00+00:00,1.03196,1.03204,1.03194,1.03201,2615.0
2025-01-09 01:05:00+00:00,1.03201,1.03211,1.03197,1.03207,3374.0
2025-01-09 01:10:00+00:00,1.03207,1.03213,1.03202,1.0321,1199.0
2025-01-09 01:15:00+00:00,1.0321,1.03227,1.03209,1.03221,2818.0
2025-01-09 01:20:00+00:00,1.03221,1.03232,1.03219,1.0323,1541.0
2025-01-09 01:25:00+00:00,1.0323,1.03241,1.03228,1.03234,3355.0
2025-01-09 01:30:00+00:00,1.03234,1.0324,1.03228,1.03235,1099.0
2025-01-09 01:35:00+00:00,1.03235,1.03239,1.03232,1.03237,1391.0
2025-01-09 01:40:00+00:00,1.03237,1.03243,1.03236,1.03242,1594.0
2025-01-09 01:45:00+00:00,1.03242,1.03251,1.0324,1.03247,874.0
2025-01-09 01:50:00+00:00,1.03247,1.03258,1.03244,1.03258,3947.0
2025-01-09 01:55:00+00:00,1.03258,1.03264,1.03248,1.0325,3869.0
2025-01-09 02:00:00+00:00,1.0325,1.03256,1.03235,1.03239,3638.0
2025-01-09 02:05:00+00:00,1.03239,1.03258,1.03233,1.03251,1460.0
2025-01-09 02:10:00+00:00,1.03251,1.03252,1.03247,1.0325,1216.0
2025-01-09 02:15:00+00:00,1.0325,1.03257,1.03244,1.03249,1974.0
2025-01-09 02:20:00+00:00,1.03249,1.03255,1.03242,1.03255,3162.0
2025-01-09 02:25:00+00:00,1.03255,1.0326,1.03244,1.03244,4223.0
2025-01-09 02:30:00+00:00,1.03244,1.03256,1.03241,1.03255,857.0
2025-01-09 02:35:00+00:00,1.03255,1.03255,1.03251,1.03254,1753.0
2025-01-09 02:40:00+00:00,1.03254,1.03256,1.03244,1.03246,2778.0
2025-01-09 02:45:00+00:00,1.03246,1.03251,1.03238,1.03242,3307.0
2025-01-09 02:50:00+00:00,1.03242,1.03245,1.03235,1.03242,1567.0
2025-01-09 02:55:00+00:00,1.03242,1.03252,1.03237,1.03251,3590.0
2025-01-09 03:00:00+00:00,1.03251,1.03262,1.03246,1.03259,4050.0
2025-01-09 03:05:00+00:00,1.03259,1.03261,1.03246,1.03253,4001.0
2025-01-09 03:10:00+00:00,1.03253,1.03255,1.03238,1.03244,3619.0
2025-01-09 03:15:00+00:00,1.03244,1.03249,1.0324,1.03245,3308.0
2025-01-09 03:20:00+00:00,1.03245,1.03255,1.03245,1.03248,3766.0
2025-01-09 03:25:00+00:00,1.03248,1.03251,1.03234,1.03236,1373.0
2025-01-09 03:30:00+00:00,1.03236,1.03243,1.03232,1.03233,2199.0
2025-01-09 03:35:00+00:00,1.03233,1.03236,1.03222,1.03228,3331.0
2025-01-09 03:40:00+00:00,1.03228,1.03242,1.03228,1.03235,3437.0
2025-01-09 03:45:00+00:00,1.03235,1.03237,1.03222,1.03226,3837.0
2025-01-09 03:50:00+00:00,1.03226,1.03235,1.03225,1.03228,3653.0
2025-01-09 03:55:00+00:00,1.03228,1.03235,1.03221,1.03225,2958.0
2025-01-09 04:00:00+00:00,1.03225,1.03236,1.03224,1.03236,1039.0
2025-01-09 04:05:00+00:00,1.03236,1.03247,1.03232,1.03242,899.0
2025-01-09 04:10:00+00:00,1.03242,1.03253,1.03238,1.03252,3446.0
2025-01-09 04:15:00+00:00,1.03252,1.03256,1.03245,1.03251,1150.0
2025-01-09 04:20:00+00:00,1.03251,1.03253,1.03236,1.0324,1144.0
2025-01-09 04:25:00+00:00,1.0324,1.03243,1.03236,1.0324,1786.0
2025-01-09 04:30:00+00:00,1.0324,1.03249,1.03239,1.03244,3470.0
2025-01-09 04:35:00+00:00,1.03244,1.03252,1.03238,1.0325,2897.0
2025-01-09 04:40:00+00:00,1.0325,1.03259,1.03243,1.03257,2829.0
2025-01-09 04:45:00+00:00,1.03257,1.03268,1.03254,1.03265,3412.0
2025-01-09 04:50:00+00:00,1.03265,1.03281,1.03264,1.03277,886.0
2025-01-09 04:55:00+00:00,1.03277,1.03284,1.03274,1.0328,2312.0
2025-01-09 05:00:00+00:00,1.0328,1.03287,1.03274,1.03275,3559.0
2025-01-09 05:05:00+00:00,1.03275,1.03281,1.03273,1.03277,1714.0
2025-01-09 05:10:00+00:00,1.03277,1.03284,1.03275,1.03278,2739.0
2025-01-09 05:15:00+00:00,1.03278,1.03285,1.03273,1.03284,3454.0
2025-01-09 05:20:00+00:00,1.03284,1.03297,1.03281,1.0329,1120.0
2025-01-09 05:25:00+00:00,1.0329,1.03297,1.03286,1.03292,3575.0
2025-01-09 05:30:00+00:00,1.03292,1.03297,1.03277,1.03284,1128.0
2025-01-09 05:35:00+00:00,1.03284,1.03288,1.03278,1.03284,4218.0
2025-01-09 05:40:00+00:00,1.03284,1.03288,1.03283,1.03283,1636.0
2025-01-09 05:45:00+00:00,1.03283,1.03285,1.0328,1.03285,1259.0
2025-01-09 05:50:00+00:00,1.03285,1.03286,1.0328,1.03281,4252.0
2025-01-09 05:55:00+00:00,1.03281,1.03289,1.0328,1.03288,3141.0
2025-01-09 06:00:00+00:00,1.03288,1.03291,1.03283,1.03288,2746.0
2025-01-09 06:05:00+00:00,1.03288,1.03294,1.03276,1.03282,1509.0
2025-01-09 06:10:00+00:00,1.03282,1.03286,1.03278,1.03279,2884.0
2025-01-09 06:15:00+00:00,1.03279,1.03294,1.03274,1.03288,3130.0
2025-01-09 06:20:00+00:00,1.03288,1.03298,1.03283,1.03292,1756.0
2025-01-09 06:25:00+00:00,1.03292,1.03294,1.03291,1.03292,3984.0
2025-01-09 06:30:00+00:00,1.03292,1.03299,1.03291,1.03296,3837.0
2025-01-09 06:35:00+00:00,1.03296,1.03302,1.03293,1.03298,1179.0
2025-01-09 06:40:00+00:00,1.03298,1.03309,1.03293,1.03308,1034.0
2025-01-09 06:45:00+00:00,1.03308,1.03318,1.03301,1.03313,1422.0
2025-01-09 06:50:00+00:00,1.03313,1.03317,1.03306,1.03315,2126.0
2025-01-09 06:55:00+00:00,1.03315,1.03334,1.03311,1.03327,2743.0
2025-01-09 07:00:00+00:00,1.03327,1.03332,1.03299,1.03306,3635.0
2025-01-09 07:05:00+00:00,1.03306,1.0332,1.03291,1.03317,1484.0
2025-01-09 07:10:00+00:00,1.03317,1.03321,1.03295,1.03298,2511.0
2025-01-09 07:15:00+00:00,1.03298,1.03308,1.03294,1.03301,2105.0
2025-01-09 07:20:00+00:00,1.03301,1.03314,1.03293,1.03304,2101.0
2025-01-09 07:25:00+00:00,1.03304,1.03316,1.03295,1.03316,964.0
2025-01-09 07:30:00+00:00,1.03316,1.03317,1.03299,1.03306,1717.0
2025-01-09 07:35:00+00:00,1.03306,1.03314,1.03273,1.03282,3143.0
2025-01-09 07:40:00+00:00,1.03282,1.03313,1.03277,1.03305,3904.0
2025-01-09 07:45:00+00:00,1.03305,1.0331,1.03282,1.03283,1336.0
2025-01-09 07:50:00+00:00,1.03283,1.0329,1.03243,1.03258,2067.0
2025-01-09 07:55:00+00:00,1.03258,1.03261,1.03241,1.03253,1691.0
2025-01-09 08:00:00+00:00,1.03253,1.03261,1.03238,1.03242,2264.0
2025-01-09 08:05:00+00:00,1.03242,1.03243,1.03211,1.03217,1313.0
2025-01-09 08:10:00+00:00,1.03217,1.03236,1.03201,1.03222,2638.0
2025-01-09 08:15:00+00:00,1.03222,1.03234,1.03208,1.03229,3400.0
2025-01-09 08:20:00+00:00,1.03229,1.03268,1.03216,1.03254,2787.0
2025-01-09 08:25:00+00:00,1.03254,1.03281,1.03244,1.03271,1166.0
2025-01-09 08:30:00+00:00,1.03271,1.03284,1.03246,1.03255,3849.0
2025-01-09 08:35:00+00:00,1.03255,1.03287,1.0324,1.03276,2705.0
2025-01-09 08:40:00+00:00,1.03276,1.03287,1.03264,1.03286,4267.0
2025-01-09 08:45:00+00:00,1.03286,1.03317,1.03273,1.03313,1410.0
2025-01-09 08:50:00+00:00,1.03313,1.03353,1.0331,1.03341,1366.0
2025-01-09 08:55:00+00:00,1.03341,1.03353,1.03341,1.03353,2612.0
2025-01-09 09:00:00+00:00,1.03353,1.03377,1.03347,1.0337,3774.0
2025-01-09 09:05:00+00:00,1.0337,1.03387,1.03366,1.03373,2932.0
2025-01-09 09:10:00+00:00,1.03373,1.03378,1.03369,1.03374,4015.0
2025-01-09 09:15:00+00:00,1.03374,1.03397,1.03371,1.0339,1859.0
2025-01-09 09:20:00+00:00,1.0339,1.03404,1.03385,1.03402,1327.0
2025-01-09 09:25:00+00:00,1.03402,1.03414,1.03381,1.03393,2565.0
2025-01-09 09:30:00+00:00,1.03393,1.03408,1.03377,1.03398,959.0
2025-01-09 09:35:00+00:00,1.03398,1.03424,1.03385,1.03419,1756.0
2025-01-09 09:40:00+00:00,1.03419,1.03426,1.03405,1.03412,807.0
2025-01-09 09:45:00+00:00,1.03412,1.03412,1.03389,1.03402,3158.0
2025-01-09 09:50:00+00:00,1.03402,1.03425,1.03397,1.03416,3823.0
2025-01-09 09:55:00+00:00,1.03416,1.03432,1.03404,1.03417,2996.0
2025-01-09 10:00:00+00:00,1.03417,1.03425,1.03415,1.0342,1560.0
2025-01-09 10:05:00+00:00,1.0342,1.03428,1.03419,1.03428,3703.0
2025-01-09 10:10:00+00:00,1.03428,1.03445,1.03422,1.03432,2020.0
2025-01-09 10:15:00+00:00,1.03432,1.03446,1.03414,1.0343,2181.0
2025-01-09 10:20:00+00:00,1.0343,1.03436,1.03416,1.03427,4085.0
2025-01-09 10:25:00+00:00,1.03427,1.03463,1.03425,1.03455,2388.0
2025-01-09 10:30:00+00:00,1.03455,1.0346,1.03433,1.03437,2081.0
2025-01-09 10:35:00+00:00,1.03437,1.03447,1.0341,1.03424,3173.0
2025-01-09 10:40:00+00:00,1.03424,1.03462,1.03416,1.03445,1860.0
2025-01-09 10:45:00+00:00,1.03445,1.03457,1.03412,1.03424,3200.0
2025-01-09 10:50:00+00:00,1.03424,1.03445,1.0342,1.03433,3836.0
2025-01-09 10:55:00+00:00,1.03433,1.03444,1.03419,1.0344,1934.0
2025-01-09 11:00:00+00:00,1.0344,1.03447,1.03421,1.03434,1279.0
2025-01-09 11:05:00+00:00,1.03434,1.03456,1.03424,1.03447,4271.0
2025-01-09 11:10:00+00:00,1.03447,1.03451,1.03435,1.03435,3307.0
2025-01-09 11:15:00+00:00,1.03435,1.03448,1.03433,1.03437,1330.0
2025-01-09 11:20:00+00:00,1.03437,1.03447,1.03428,1.03437,848.0
2025-01-09 11:25:00+00:00,1.03437,1.03439,1.03429,1.03432,2678.0
2025-01-09 11:30:00+00:00,1.03432,1.03458,1.03425,1.03453,1006.0
2025-01-09 11:35:00+00:00,1.03453,1.03469,1.03437,1.03461,1056.0
2025-01-09 11:40:00+00:00,1.03461,1.03497,1.03461,1.03482,2522.0
2025-01-09 11:45:00+00:00,1.03482,1.03509,1.03469,1.03505,3979.0
2025-01-09 11:50:00+00:00,1.03505,1.03505,1.03479,1.0349,1699.0
2025-01-09 11:55:00+00:00,1.0349,1.03497,1.03486,1.03493,2905.0
2025-01-09 12:00:00+00:00,1.03493,1.03524,1.03491,1.03512,3285.0
2025-01-09 12:05:00+00:00,1.03512,1.03517,1.03508,1.03509,1246.0
2025-01-09 12:10:00+00:00,1.03509,1.03516,1.03492,1.03494,3843.0
2025-01-09 12:15:00+00:00,1.03494,1.03501,1.0347,1.03482,3695.0
2025-01-09 12:20:00+00:00,1.03482,1.0349,1.03476,1.03477,3161.0
2025-01-09 12:25:00+00:00,1.03477,1.03482,1.03461,1.03461,1076.0
2025-01-09 12:30:00+00:00,1.03461,1.03475,1.03459,1.03475,3162.0
2025-01-09 12:35:00+00:00,1.03475,1.03484,1.03464,1.03477,2639.0
2025-01-09 12:40:00+00:00,1.03477,1.0348,1.03452,1.03463,1159.0
2025-01-09 12:45:00+00:00,1.03463,1.03489,1.03453,1.03488,2689.0
2025-01-09 12:50:00+00:00,1.03488,1.03518,1.03482,1.03508,4175.0
2025-01-09 12:55:00+00:00,1.03508,1.03519,1.03481,1.03495,1070.0
2025-01-09 13:00:00+00:00,1.03495,1.0351,1.03492,1.03499,887.0
2025-01-09 13:05:00+00:00,1.03499,1.035,1.03482,1.03485,2765.0
2025-01-09 13:10:00+00:00,1.03485,1.03489,1.03466,1.03466,3287.0
2025-01-09 13:15:00+00:00,1.03466,1.03492,1.03463,1.03482,3415.0
2025-01-09 13:20:00+00:00,1.03482,1.03495,1.03455,1.0347,1888.0
2025-01-09 13:25:00+00:00,1.0347,1.03499,1.03457,1.03488,4185.0
2025-01-09 13:30:00+00:00,1.03488,1.03499,1.03454,1.03467,4168.0
2025-01-09 13:35:00+00:00,1.03467,1.03468,1.03447,1.03449,3953.0
2025-01-09 13:40:00+00:00,1.03449,1.03454,1.03438,1.03443,2022.0
2025-01-09 13:45:00+00:00,1.03443,1.03457,1.0341,1.03422,3752.0
2025-01-09 13:50:00+00:00,1.03422,1.03446,1.03418,1.03438,3090.0
2025-01-09 13:55:00+00:00,1.03438,1.03465,1.03427,1.03461,3762.0
2025-01-09 14:00:00+00:00,1.03461,1.03472,1.03436,1.03441,1228.0
2025-01-09 14:05:00+00:00,1.03441,1.03443,1.03425,1.03426,3579.0
2025-01-09 14:10:00+00:00,1.03426,1.03458,1.03412,1.0345,1147.0
2025-01-09 14:15:00+00:00,1.0345,1.03461,1.03447,1.03457,2060.0
2025-01-09 14:20:00+00:00,1.03457,1.03463,1.03448,1.03457,2485.0
2025-01-09 14:25:00+00:00,1.03457,1.03468,1.03426,1.03434,1127.0
2025-01-09 14:30:00+00:00,1.03434,1.03465,1.03426,1.03454,1342.0
2025-01-09 14:35:00+00:00,1.03454,1.03472,1.03444,1.03459,1002.0
2025-01-09 14:40:00+00:00,1.03459,1.03471,1.03451,1.03453,1455.0
2025-01-09 14:45:00+00:00,1.03453,1.03465,1.0344,1.03442,3823.0
2025-01-09 14:50:00+00:00,1.03442,1.03445,1.0343,1.03433,4273.0
2025-01-09 14:55:00+00:00,1.03433,1.03461,1.03425,1.03449,1118.0
2025-01-09 15:00:00+00:00,1.03449,1.0345,1.03428,1.03432,3100.0
2025-01-09 15:05:00+00:00,1.03432,1.03439,1.03411,1.03422,1139.0
2025-01-09 15:10:00+00:00,1.03422,1.03436,1.03411,1.03425,2547.0
2025-01-09 15:15:00+00:00,1.03425,1.03432,1.03397,1.03407,4170.0
2025-01-09 15:20:00+00:00,1.03407,1.03432,1.03405,1.03419,3669.0
2025-01-09 15:25:00+00:00,1.03419,1.03424,1.03395,1.03402,962.0
2025-01-09 15:30:00+00:00,1.03402,1.03427,1.03398,1.0342,1348.0
2025-01-09 15:35:00+00:00,1.0342,1.03434,1.03419,1.03432,865.0
2025-01-09 15:40:00+00:00,1.03432,1.03457,1.03427,1.03445,1220.0
2025-01-09 15:45:00+00:00,1.03445,1.03461,1.03443,1.0345,2215.0
2025-01-09 15:50:00+00:00,1.0345,1.03471,1.0344,1.03469,2618.0
2025-01-09 15:55:00+00:00,1.03469,1.03488,1.03467,1.03483,3681.0
2025-01-09 16:00:00+00:00,1.03483,1.03487,1.03461,1.03471,1830.0
2025-01-09 16:05:00+00:00,1.03471,1.03495,1.03466,1.03492,1270.0
2025-01-09 16:10:00+00:00,1.03492,1.03499,1.03488,1.03491,1165.0
2025-01-09 16:15:00+00:00,1.03491,1.03508,1.03488,1.03497,2376.0
2025-01-09 16:20:00+00:00,1.03497,1.03513,1.03495,1.0351,2160.0
2025-01-09 16:25:00+00:00,1.0351,1.03522,1.03503,1.03517,1050.0
2025-01-09 16:30:00+00:00,1.03517,1.03536,1.03517,1.03532,2378.0
2025-01-09 16:35:00+00:00,1.03532,1.03535,1.03508,1.03515,4247.0
2025-01-09 16:40:00+00:00,1.03515,1.03539,1.03504,1.0353,4158.0
2025-01-09 16:45:00+00:00,1.0353,1.0354,1.03522,1.03538,1154.0
2025-01-09 16:50:00+00:00,1.03538,1.03542,1.03518,1.03529,1655.0
2025-01-09 16:55:00+00:00,1.03529,1.03546,1.03518,1.03533,3678.0
2025-01-09 17:00:00+00:00,1.03533,1.03546,1.03526,1.03544,4177.0
2025-01-09 17:05:00+00:00,1.03544,1.03549,1.03543,1.03547,2309.0
2025-01-09 17:10:00+00:00,1.03547,1.03562,1.0354,1.03562,2905.0
2025-01-09 17:15:00+00:00,1.03562,1.03585,1.0356,1.03576,1671.0
2025-01-09 17:20:00+00:00,1.03576,1.03588,1.03574,1.0358,2769.0
2025-01-09 17:25:00+00:00,1.0358,1.03586,1.03572,1.03586,1653.0
2025-01-09 17:30:00+00:00,1.03586,1.03589,1.03569,1.03578,2608.0
2025-01-09 17:35:00+00:00,1.03578,1.03588,1.03573,1.03574,1862.0
2025-01-09 17:40:00+00:00,1.03574,1.03584,1.03558,1.03566,2588.0
2025-01-09 17:45:00+00:00,1.03566,1.03581,1.03556,1.03572,2805.0
2025-01-09 17:50:00+00:00,1.03572,1.03583,1.03568,1.03581,1955.0
2025-01-09 17:55:00+00:00,1.03581,1.03596,1.03573,1.03591,1947.0
2025-01-09 18:00:00+00:00,1.03591,1.03595,1.03589,1.03595,3209.0
2025-01-09 18:05:00+00:00,1.03595,1.03597,1.0359,1.03592,1771.0
2025-01-09 18:10:00+00:00,1.03592,1.036,1.03577,1.03582,3335.0
2025-01-09 18:15:00+00:00,1.03582,1.03593,1.03562,1.03568,2738.0
2025-01-09 18:20:00+00:00,1.03568,1.03569,1.03544,1.03553,1035.0
2025-01-09 18:25:00+00:00,1.03553,1.03556,1.03536,1.03542,1744.0
2025-01-09 18:30:00+00:00,1.03542,1.03549,1.03528,1.03538,1856.0
2025-01-09 18:35:00+00:00,1.03538,1.03541,1.03521,1.03523,808.0
2025-01-09 18:40:00+00:00,1.03523,1.03547,1.0352,1.03537,2853.0
2025-01-09 18:45:00+00:00,1.03537,1.03556,1.03529,1.03548,4281.0
2025-01-09 18:50:00+00:00,1.03548,1.03555,1.03546,1.03552,1026.0
2025-01-09 18:55:00+00:00,1.03552,1.03555,1.03532,1.03541,3373.0
2025-01-09 19:00:00+00:00,1.03541,1.03551,1.03538,1.0354,2611.0
2025-01-09 19:05:00+00:00,1.0354,1.03548,1.03528,1.03532,1945.0
2025-01-09 19:10:00+00:00,1.03532,1.03537,1.03519,1.03526,2744.0
2025-01-09 19:15:00+00:00,1.03526,1.03532,1.03519,1.03523,3731.0
2025-01-09 19:20:00+00:00,1.03523,1.0353,1.03522,1.03524,2799.0
2025-01-09 19:25:00+00:00,1.03524,1.03529,1.03512,1.03516,3569.0
2025-01-09 19:30:00+00:00,1.03516,1.03529,1.03514,1.03521,3295.0
2025-01-09 19:35:00+00:00,1.03521,1.03522,1.0351,1.03513,3024.0
2025-01-09 19:40:00+00:00,1.03513,1.0352,1.03496,1.03496,1777.0
2025-01-09 19:45:00+00:00,1.03496,1.03499,1.03486,1.03493,3240.0
2025-01-09 19:50:00+00:00,1.03493,1.03499,1.03479,1.0348,3060.0
2025-01-09 19:55:00+00:00,1.0348,1.03484,1.03465,1.03469,3300.0
2025-01-09 20:00:00+00:00,1.03469,1.03492,1.03465,1.03483,1774.0
2025-01-09 20:05:00+00:00,1.03483,1.03486,1.03463,1.03472,1865.0
2025-01-09 20:10:00+00:00,1.03472,1.03482,1.03464,1.0348,1230.0
2025-01-09 20:15:00+00:00,1.0348,1.03483,1.0347,1.03476,2896.0
2025-01-09 20:20:00+00:00,1.03476,1.03482,1.03468,1.03476,1110.0
2025-01-09 20:25:00+00:00,1.03476,1.03491,1.03469,1.03484,3799.0
2025-01-09 20:30:00+00:00,1.03484,1.0349,1.0347,1.03474,2940.0
2025-01-09 20:35:00+00:00,1.03474,1.03477,1.03459,1.0346,1727.0
2025-01-09 20:40:00+00:00,1.0346,1.03465,1.03438,1.03445,2682.0
2025-01-09 20:45:00+00:00,1.03445,1.03448,1.03438,1.03444,1108.0
2025-01-09 20:50:00+00:00,1.03444,1.03447,1.03431,1.03434,1081.0
2025-01-09 20:55:00+00:00,1.03434,1.03441,1.03412,1.03417,3087.0
2025-01-09 21:00:00+00:00,1.03417,1.03434,1.03409,1.03427,2652.0
2025-01-09 21:05:00+00:00,1.03427,1.03431,1.03421,1.0343,2093.0
2025-01-09 21:10:00+00:00,1.0343,1.03447,1.03422,1.03445,4177.0
2025-01-09 21:15:00+00:00,1.03445,1.03449,1.03435,1.03443,2148.0
2025-01-09 21:20:00+00:00,1.03443,1.03458,1.03442,1.03452,3607.0
2025-01-09 21:25:00+00:00,1.03452,1.03472,1.03449,1.03465,1048.0
2025-01-09 21:30:00+00:00,1.03465,1.03478,1.0346,1.03472,3635.0
2025-01-09 21:35:00+00:00,1.03472,1.03483,1.03469,1.03474,3073.0
2025-01-09 21:40:00+00:00,1.03474,1.03477,1.03465,1.03476,3892.0
2025-01-09 21:45:00+00:00,1.03476,1.0348,1.03467,1.03471,2189.0
2025-01-09 21:50:00+00:00,1.03471,1.03478,1.03471,1.03476,1037.0
2025-01-09 21:55:00+00:00,1.03476,1.03494,1.03468,1.03489,1465.0
2025-01-09 22:00:00+00:00,1.03489,1.03503,1.03486,1.03499,3513.0
2025-01-09 22:05:00+00:00,1.03499,1.03508,1.03499,1.03504,3442.0
2025-01-09 22:10:00+00:00,1.03504,1.03507,1.03495,1.03498,3466.0
2025-01-09 22:15:00+00:00,1.03498,1.03505,1.03492,1.03503,1672.0
2025-01-09 22:20:00+00:00,1.03503,1.0352,1.03502,1.03514,2147.0
2025-01-09 22:25:00+00:00,1.03514,1.03525,1.03514,1.03519,1847.0
2025-01-09 22:30:00+00:00,1.03519,1.0352,1.03511,1.03514,3489.0
2025-01-09 22:35:00+00:00,1.03514,1.03521,1.03513,1.03515,3008.0
2025-01-09 22:40:00+00:00,1.03515,1.03516,1.03505,1.03509,2021.0
2025-01-09 22:45:00+00:00,1.03509,1.03513,1.03505,1.03512,2608.0
2025-01-09 22:50:00+00:00,1.03512,1.03515,1.03506,1.03508,2522.0
2025-01-09 22:55:00+00:00,1.03508,1.03508,1.03493,1.03499,1465.0
2025-01-09 23:00:00+00:00,1.03499,1.03501,1.03484,1.03489,2295.0
2025-01-09 23:05:00+00:00,1.03489,1.03499,1.03483,1.03493,4208.0
2025-01-09 23:10:00+00:00,1.03493,1.03498,1.03486,1.03493,2312.0
2025-01-09 23:15:00+00:00,1.03493,1.03496,1.03486,1.03491,3939.0
2025-01-09 23:20:00+00:00,1.03491,1.03497,1.03479,1.03483,4160.0
2025-01-09 23:25:00+00:00,1.03483,1.03487,1.03474,1.03481,2148.0
2025-01-09 23:30:00+00:00,1.03481,1.03487,1.03475,1.03481,3634.0
2025-01-09 23:35:00+00:00,1.03481,1.03487,1.03471,1.03476,3418.0
2025-01-09 23:40:00+00:00,1.03476,1.03481,1.0347,1.03479,4149.0
2025-01-09 23:45:00+00:00,1.03479,1.03491,1.03472,1.03489,1597.0
2025-01-09 23:50:00+00:00,1.03489,1.0349,1.03483,1.03485,1252.0
2025-01-09 23:55:00+00:00,1.03485,1.03491,1.0348,1.03486,2988.0
2025-01-10 00:00:00+00:00,1.03486,1.03493,1.03481,1.03486,4058.0
2025-01-10 00:05:00+00:00,1.03486,1.03501,1.03481,1.03497,4170.0
2025-01-10 00:10:00+00:00,1.03497,1.03507,1.03496,1.03504,1875.0
2025-01-10 00:15:00+00:00,1.03504,1.03507,1.03489,1.03493,2766.0
2025-01-10 00:20:00+00:00,1.03493,1.03499,1.03487,1.0349,2961.0
2025-01-10 00:25:00+00:00,1.0349,1.03502,1.0349,1.03497,2557.0
2025-01-10 00:30:00+00:00,1.03497,1.03511,1.03495,1.03504,3925.0
2025-01-10 00:35:00+00:00,1.03504,1.03509,1.03491,1.03496,1550.0
2025-01-10 00:40:00+00:00,1.03496,1.03501,1.03489,1.03494,3380.0
2025-01-10 00:45:00+00:00,1.03494,1.0351,1.03494,1.03505,1541.0
2025-01-10 00:50:00+00:00,1.03505,1.03509,1.03493,1.035,3054.0
2025-01-10 00:55:00+00:00,1.035,1.03505,1.03498,1.03499,3411.0
2025-01-10 01:00:00+00:00,1.03499,1.03503,1.03492,1.03496,3676.0
2025-01-10 01:05:00+00:00,1.03496,1.03497,1.03492,1.03492,2642.0
2025-01-10 01:10:00+00:00,1.03492,1.03492,1.03489,1.03492,3650.0
2025-01-10 01:15:00+00:00,1.03492,1.03496,1.0349,1.03493,3850.0
2025-01-10 01:20:00+00:00,1.03493,1.03498,1.03476,1.03482,3007.0
2025-01-10 01:25:00+00:00,1.03482,1.03492,1.03476,1.0349,4000.0
2025-01-10 01:30:00+00:00,1.0349,1.03503,1.03489,1.03502,2587.0
2025-01-10 01:35:00+00:00,1.03502,1.03509,1.03495,1.03507,3047.0
2025-01-10 01:40:00+00:00,1.03507,1.03511,1.03506,1.03508,3732.0
2025-01-10 01:45:00+00:00,1.03508,1.0352,1.03504,1.0352,2870.0
2025-01-10 01:50:00+00:00,1.0352,1.03537,1.03516,1.03532,3883.0
2025-01-10 01:55:00+00:00,1.03532,1.03535,1.03518,1.03521,3121.0
2025-01-10 02:00:00+00:00,1.03521,1.03535,1.03516,1.03528,4163.0
2025-01-10 02:05:00+00:00,1.03528,1.03529,1.03518,1.03524,1016.0
2025-01-10 02:10:00+00:00,1.03524,1.0353,1.03517,1.03518,2882.0
2025-01-10 02:15:00+00:00,1.03518,1.03523,1.03506,1.03508,1849.0
2025-01-10 02:20:00+00:00,1.03508,1.03511,1.03498,1.03498,2321.0
2025-01-10 02:25:00+00:00,1.03498,1.03504,1.03496,1.03498,1412.0
2025-01-10 02:30:00+00:00,1.03498,1.03507,1.03496,1.03504,2956.0
2025-01-10 02:35:00+00:00,1.03504,1.03512,1.03502,1.03507,2170.0
2025-01-10 02:40:00+00:00,1.03507,1.03509,1.03502,1.03509,881.0
2025-01-10 02:45:00+00:00,1.03509,1.03518,1.03502,1.03516,1343.0
2025-01-10 02:50:00+00:00,1.03516,1.03526,1.0351,1.03523,893.0
2025-01-10 02:55:00+00:00,1.03523,1.03533,1.03522,1.03529,2039.0
2025-01-10 03:00:00+00:00,1.03529,1.03532,1.03524,1.03528,3620.0
2025-01-10 03:05:00+00:00,1.03528,1.03535,1.03519,1.03519,1064.0
2025-01-10 03:10:00+00:00,1.03519,1.0353,1.03513,1.03529,1378.0
2025-01-10 03:15:00+00:00,1.03529,1.03531,1.03517,1.03519,2743.0
2025-01-10 03:20:00+00:00,1.03519,1.03529,1.03515,1.03527,2011.0
2025-01-10 03:25:00+00:00,1.03527,1.03541,1.03527,1.03538,965.0
2025-01-10 03:30:00+00:00,1.03538,1.03544,1.03533,1.03539,2665.0
2025-01-10 03:35:00+00:00,1.03539,1.03554,1.03532,1.03551,2232.0
2025-01-10 03:40:00+00:00,1.03551,1.03556,1.03547,1.03547,1112.0
2025-01-10 03:45:00+00:00,1.03547,1.03555,1.03543,1.0355,4105.0
2025-01-10 03:50:00+00:00,1.0355,1.03555,1.03533,1.03538,4273.0
2025-01-10 03:55:00+00:00,1.03538,1.03539,1.0352,1.03527,1063.0
2025-01-10 04:00:00+00:00,1.03527,1.0354,1.0352,1.03537,2405.0
2025-01-10 04:05:00+00:00,1.03537,1.0354,1.0353,1.03539,1837.0
2025-01-10 04:10:00+00:00,1.03539,1.0354,1.03529,1.03535,1431.0
2025-01-10 04:15:00+00:00,1.03535,1.03543,1.03533,1.03538,3673.0
2025-01-10 04:20:00+00:00,1.03538,1.03542,1.03533,1.0354,3207.0
2025-01-10 04:25:00+00:00,1.0354,1.03545,1.03535,1.03541,1218.0
2025-01-10 04:30:00+00:00,1.03541,1.03542,1.03532,1.03538,2910.0
2025-01-10 04:35:00+00:00,1.03538,1.03544,1.03529,1.03535,3469.0
2025-01-10 04:40:00+00:00,1.03535,1.03541,1.03529,1.03533,2336.0
2025-01-10 04:45:00+00:00,1.03533,1.03547,1.03527,1.03545,1964.0
2025-01-10 04:50:00+00:00,1.03545,1.03554,1.03544,1.03552,1300.0
2025-01-10 04:55:00+00:00,1.03552,1.03559,1.03547,1.03558,1233.0
2025-01-10 05:00:00+00:00,1.03558,1.0356,1.03544,1.03547,2831.0
2025-01-10 05:05:00+00:00,1.03547,1.03551,1.03536,1.03542,2637.0
2025-01-10 05:10:00+00:00,1.03542,1.03547,1.03541,1.03542,2322.0
2025-01-10 05:15:00+00:00,1.03542,1.03547,1.03536,1.03542,944.0
2025-01-10 05:20:00+00:00,1.03542,1.03547,1.03539,1.03546,2135.0
2025-01-10 05:25:00+00:00,1.03546,1.03555,1.0354,1.03553,2230.0
2025-01-10 05:30:00+00:00,1.03553,1.03559,1.0354,1.03542,1349.0
2025-01-10 05:35:00+00:00,1.03542,1.03554,1.03539,1.03548,1541.0
2025-01-10 05:40:00+00:00,1.03548,1.03551,1.03532,1.03538,2745.0
2025-01-10 05:45:00+00:00,1.03538,1.03544,1.03536,1.0354,3234.0
2025-01-10 05:50:00+00:00,1.0354,1.03551,1.03538,1.03549,2022.0
2025-01-10 05:55:00+00:00,1.03549,1.03564,1.03542,1.03559,3512.0
2025-01-10 06:00:00+00:00,1.03559,1.03566,1.03558,1.03566,3617.0
2025-01-10 06:05:00+00:00,1.03566,1.03578,1.0356,1.03574,2586.0
2025-01-10 06:10:00+00:00,1.03574,1.03586,1.03568,1.03586,1869.0
2025-01-10 06:15:00+00:00,1.03586,1.03593,1.0358,1.03588,1438.0
2025-01-10 06:20:00+00:00,1.03588,1.0359,1.03577,1.03583,3464.0
2025-01-10 06:25:00+00:00,1.03583,1.03595,1.03578,1.03594,1482.0
2025-01-10 06:30:00+00:00,1.03594,1.03595,1.03578,1.03585,4078.0
2025-01-10 06:35:00+00:00,1.03585,1.03591,1.0358,1.03589,2583.0
2025-01-10 06:40:00+00:00,1.03589,1.03593,1.03576,1.03577,805.0
2025-01-10 06:45:00+00:00,1.03577,1.03579,1.03564,1.03569,3937.0
2025-01-10 06:50:00+00:00,1.03569,1.03577,1.03564,1.0357,3032.0
2025-01-10 06:55:00+00:00,1.0357,1.03573,1.03567,1.03571,3723.0
2025-01-10 07:00:00+00:00,1.03571,1.03596,1.0357,1.03595,2782.0
2025-01-10 07:05:00+00:00,1.03595,1.036,1.03571,1.03584,2559.0
2025-01-10 07:10:00+00:00,1.03584,1.03585,1.03582,1.03584,1988.0
2025-01-10 07:15:00+00:00,1.03584,1.03601,1.03571,1.03585,1449.0
2025-01-10 07:20:00+00:00,1.03585,1.03606,1.0358,1.03592,1038.0
2025-01-10 07:25:00+00:00,1.03592,1.03604,1.03573,1.03589,2930.0
2025-01-10 07:30:00+00:00,1.03589,1.03598,1.03567,1.03569,1540.0
2025-01-10 07:35:00+00:00,1.03569,1.03585,1.03529,1.03544,3240.0
2025-01-10 07:40:00+00:00,1.03544,1.03569,1.03529,1.03555,3410.0
2025-01-10 07:45:00+00:00,1.03555,1.03555,1.03528,1.0353,4162.0
2025-01-10 07:50:00+00:00,1.0353,1.03535,1.03503,1.03509,3743.0
2025-01-10 07:55:00+00:00,1.03509,1.03513,1.03493,1.03508,2462.0
2025-01-10 08:00:00+00:00,1.03508,1.03534,1.03497,1.03523,1106.0
2025-01-10 08:05:00+00:00,1.03523,1.03563,1.03512,1.03549,2669.0
2025-01-10 08:10:00+00:00,1.03549,1.03553,1.03525,1.03539,1313.0
2025-01-10 08:15:00+00:00,1.03539,1.03557,1.03534,1.03549,1101.0
2025-01-10 08:20:00+00:00,1.03549,1.03565,1.03536,1.03548,2392.0
2025-01-10 08:25:00+00:00,1.03548,1.0356,1.03519,1.03524,2609.0
2025-01-10 08:30:00+00:00,1.03524,1.0356,1.03522,1.03545,1497.0
2025-01-10 08:35:00+00:00,1.03545,1.03556,1.03513,1.03528,1047.0
2025-01-10 08:40:00+00:00,1.03528,1.03562,1.03522,1.03549,2063.0
2025-01-10 08:45:00+00:00,1.03549,1.03563,1.0354,1.03562,1851.0
2025-01-10 08:50:00+00:00,1.03562,1.03564,1.03534,1.03537,3384.0
2025-01-10 08:55:00+00:00,1.03537,1.03553,1.03536,1.03546,3426.0
2025-01-10 09:00:00+00:00,1.03546,1.0355,1.03506,1.03518,957.0
2025-01-10 09:05:00+00:00,1.03518,1.03533,1.03517,1.03525,897.0
2025-01-10 09:10:00+00:00,1.03525,1.03541,1.03485,1.035,1517.0
2025-01-10 09:15:00+00:00,1.035,1.03505,1.0346,1.03475,2386.0
2025-01-10 09:20:00+00:00,1.03475,1.03489,1.03465,1.03481,1054.0
2025-01-10 09:25:00+00:00,1.03481,1.03502,1.03465,1.03494,4118.0
2025-01-10 09:30:00+00:00,1.03494,1.0351,1.03449,1.03465,976.0
2025-01-10 09:35:00+00:00,1.03465,1.03493,1.03452,1.03485,2975.0
2025-01-10 09:40:00+00:00,1.03485,1.03502,1.03465,1.03474,4217.0
2025-01-10 09:45:00+00:00,1.03474,1.03481,1.03453,1.03468,4030.0
2025-01-10 09:50:00+00:00,1.03468,1.035,1.03467,1.03485,1256.0
2025-01-10 09:55:00+00:00,1.03485,1.0349,1.0347,1.03483,2397.0
2025-01-10 10:00:00+00:00,1.03483,1.03496,1.03466,1.03469,1555.0
2025-01-10 10:05:00+00:00,1.03469,1.03495,1.03461,1.03481,1011.0
2025-01-10 10:10:00+00:00,1.03481,1.03491,1.03466,1.03472,2150.0
2025-01-10 10:15:00+00:00,1.03472,1.03494,1.03471,1.03493,1011.0
2025-01-10 10:20:00+00:00,1.03493,1.03502,1.03478,1.03495,3427.0
2025-01-10 10:25:00+00:00,1.03495,1.035,1.03472,1.03474,2662.0
2025-01-10 10:30:00+00:00,1.03474,1.03503,1.03473,1.035,1976.0
2025-01-10 10:35:00+00:00,1.035,1.03528,1.03497,1.0352,1403.0
2025-01-10 10:40:00+00:00,1.0352,1.03531,1.03493,1.03496,3695.0
2025-01-10 10:45:00+00:00,1.03496,1.03517,1.03482,1.03515,2277.0
2025-01-10 10:50:00+00:00,1.03515,1.03527,1.03515,1.03523,3024.0
2025-01-10 10:55:00+00:00,1.03523,1.03537,1.03511,1.03516,2504.0
2025-01-10 11:00:00+00:00,1.03516,1.03527,1.0349,1.03492,1609.0
2025-01-10 11:05:00+00:00,1.03492,1.03503,1.03452,1.03468,2076.0
2025-01-10 11:10:00+00:00,1.03468,1.03484,1.03443,1.03459,2404.0
2025-01-10 11:15:00+00:00,1.03459,1.03491,1.03444,1.03483,1383.0
2025-01-10 11:20:00+00:00,1.03483,1.03488,1.03447,1.03456,1399.0
2025-01-10 11:25:00+00:00,1.03456,1.03469,1.03448,1.03465,2620.0
2025-01-10 11:30:00+00:00,1.03465,1.03481,1.03432,1.03439,4041.0
2025-01-10 11:35:00+00:00,1.03439,1.03455,1.03418,1.0343,3919.0
2025-01-10 11:40:00+00:00,1.0343,1.03445,1.03414,1.03427,1798.0
2025-01-10 11:45:00+00:00,1.03427,1.03436,1.03421,1.03421,1933.0
2025-01-10 11:50:00+00:00,1.03421,1.03449,1.0341,1.03433,2309.0
2025-01-10 11:55:00+00:00,1.03433,1.03442,1.03395,1.03407,3510.0
2025-01-10 12:00:00+00:00,1.03407,1.03424,1.03402,1.03416,2361.0
2025-01-10 12:05:00+00:00,1.03416,1.03432,1.03408,1.0342,2177.0
2025-01-10 12:10:00+00:00,1.0342,1.03425,1.034,1.03409,3450.0
2025-01-10 12:15:00+00:00,1.03409,1.03411,1.03391,1.03403,4196.0
2025-01-10 12:20:00+00:00,1.03403,1.03422,1.03402,1.03411,3012.0
2025-01-10 12:25:00+00:00,1.03411,1.03412,1.03408,1.03408,1892.0
2025-01-10 12:30:00+00:00,1.03408,1.03409,1.03386,1.03389,4084.0
2025-01-10 12:35:00+00:00,1.03389,1.03423,1.03387,1.03409,2257.0
2025-01-10 12:40:00+00:00,1.03409,1.03424,1.03395,1.03423,894.0
2025-01-10 12:45:00+00:00,1.03423,1.03434,1.03407,1.03407,2160.0
2025-01-10 12:50:00+00:00,1.03407,1.03433,1.03397,1.03424,1265.0
2025-01-10 12:55:00+00:00,1.03424,1.03436,1.03421,1.03425,1451.0
2025-01-10 13:00:00+00:00,1.03425,1.03432,1.03408,1.03415,1065.0
2025-01-10 13:05:00+00:00,1.03415,1.03423,1.03412,1.03421,2207.0
2025-01-10 13:10:00+00:00,1.03421,1.03422,1.03409,1.03416,959.0
2025-01-10 13:15:00+00:00,1.03416,1.0343,1.03408,1.03414,3840.0
2025-01-10 13:20:00+00:00,1.03414,1.03432,1.03404,1.03422,2206.0
2025-01-10 13:25:00+00:00,1.03422,1.03423,1.03406,1.03415,1964.0
2025-01-10 13:30:00+00:00,1.03415,1.03432,1.03401,1.03421,2144.0
2025-01-10 13:35:00+00:00,1.03421,1.03425,1.03413,1.0342,918.0
2025-01-10 13:40:00+00:00,1.0342,1.03426,1.03391,1.03396,1143.0
2025-01-10 13:45:00+00:00,1.03396,1.03405,1.03392,1.03402,2296.0
2025-01-10 13:50:00+00:00,1.03402,1.03415,1.03391,1.03392,2388.0
2025-01-10 13:55:00+00:00,1.03392,1.03396,1.03375,1.03388,3778.0
2025-01-10 14:00:00+00:00,1.03388,1.03407,1.03379,1.03395,1769.0
2025-01-10 14:05:00+00:00,1.03395,1.03407,1.03381,1.03391,2213.0
2025-01-10 14:10:00+00:00,1.03391,1.03403,1.0338,1.03395,3538.0
2025-01-10 14:15:00+00:00,1.03395,1.03407,1.03388,1.03405,1870.0
2025-01-10 14:20:00+00:00,1.03405,1.03433,1.03399,1.03426,2309.0
2025-01-10 14:25:00+00:00,1.03426,1.0344,1.03404,1.03417,3346.0
2025-01-10 14:30:00+00:00,1.03417,1.03443,1.03409,1.0344,2877.0
2025-01-10 14:35:00+00:00,1.0344,1.03457,1.03435,1.03444,3054.0
2025-01-10 14:40:00+00:00,1.03444,1.03451,1.03423,1.03431,2305.0
2025-01-10 14:45:00+00:00,1.03431,1.03457,1.03427,1.03444,3896.0
2025-01-10 14:50:00+00:00,1.03444,1.03451,1.03418,1.03429,1036.0
2025-01-10 14:55:00+00:00,1.03429,1.0345,1.03421,1.03442,3373.0
2025-01-10 15:00:00+00:00,1.03442,1.03466,1.03439,1.03459,1104.0
2025-01-10 15:05:00+00:00,1.03459,1.03488,1.03456,1.03483,1776.0
2025-01-10 15:10:00+00:00,1.03483,1.03486,1.03466,1.0348,1690.0
2025-01-10 15:15:00+00:00,1.0348,1.03504,1.03472,1.03501,1709.0
2025-01-10 15:20:00+00:00,1.03501,1.03514,1.03493,1.03497,3891.0
2025-01-10 15:25:00+00:00,1.03497,1.03514,1.03491,1.03501,1027.0
2025-01-10 15:30:00+00:00,1.03501,1.03505,1.03485,1.03492,2002.0
2025-01-10 15:35:00+00:00,1.03492,1.03501,1.03455,1.03468,2703.0
2025-01-10 15:40:00+00:00,1.03468,1.03473,1.0346,1.03469,801.0
2025-01-10 15:45:00+00:00,1.03469,1.03476,1.03446,1.0345,3011.0
2025-01-10 15:50:00+00:00,1.0345,1.03458,1.03415,1.03429,1871.0
2025-01-10 15:55:00+00:00,1.03429,1.03454,1.03427,1.03441,2561.0
2025-01-10 16:00:00+00:00,1.03441,1.03444,1.03411,1.0342,4103.0
2025-01-10 16:05:00+00:00,1.0342,1.03442,1.03419,1.03434,1625.0
2025-01-10 16:10:00+00:00,1.03434,1.03445,1.03431,1.03435,3271.0
2025-01-10 16:15:00+00:00,1.03435,1.03442,1.03411,1.0342,4288.0
2025-01-10 16:20:00+00:00,1.0342,1.03431,1.03411,1.03425,3325.0
2025-01-10 16:25:00+00:00,1.03425,1.03461,1.03414,1.03449,4175.0
2025-01-10 16:30:00+00:00,1.03449,1.03467,1.0344,1.03455,3343.0
2025-01-10 16:35:00+00:00,1.03455,1.03455,1.03431,1.03442,1672.0
2025-01-10 16:40:00+00:00,1.03442,1.03454,1.03434,1.0344,1590.0
2025-01-10 16:45:00+00:00,1.0344,1.03449,1.03435,1.03441,963.0
2025-01-10 16:50:00+00:00,1.03441,1.03448,1.03429,1.03447,3199.0
2025-01-10 16:55:00+00:00,1.03447,1.0348,1.03439,1.03467,3797.0
2025-01-10 17:00:00+00:00,1.03467,1.03468,1.03462,1.03462,965.0
2025-01-10 17:05:00+00:00,1.03462,1.03469,1.03438,1.03448,1703.0
2025-01-10 17:10:00+00:00,1.03448,1.03466,1.03438,1.03457,3588.0
2025-01-10 17:15:00+00:00,1.03457,1.03468,1.03452,1.03463,3835.0
2025-01-10 17:20:00+00:00,1.03463,1.03476,1.03462,1.03474,2614.0
2025-01-10 17:25:00+00:00,1.03474,1.03475,1.03464,1.03473,936.0
2025-01-10 17:30:00+00:00,1.03473,1.03474,1.03457,1.0346,3596.0
2025-01-10 17:35:00+00:00,1.0346,1.03467,1.03439,1.03443,888.0
2025-01-10 17:40:00+00:00,1.03443,1.03451,1.03437,1.0344,1793.0
2025-01-10 17:45:00+00:00,1.0344,1.03458,1.03437,1.03448,3669.0
2025-01-10 17:50:00+00:00,1.03448,1.03464,1.03438,1.03454,944.0
2025-01-10 17:55:00+00:00,1.03454,1.03459,1.03446,1.03447,863.0
2025-01-10 18:00:00+00:00,1.03447,1.03451,1.03436,1.0344,2698.0
2025-01-10 18:05:00+00:00,1.0344,1.03457,1.0343,1.0345,4183.0
2025-01-10 18:10:00+00:00,1.0345,1.03452,1.03443,1.03444,3365.0
2025-01-10 18:15:00+00:00,1.03444,1.03463,1.03436,1.03462,1432.0
2025-01-10 18:20:00+00:00,1.03462,1.03474,1.03461,1.03466,1111.0
2025-01-10 18:25:00+00:00,1.03466,1.03477,1.03458,1.03474,3545.0
2025-01-10 18:30:00+00:00,1.03474,1.03488,1.03467,1.03486,3308.0
2025-01-10 18:35:00+00:00,1.03486,1.03499,1.03477,1.03492,3743.0
2025-01-10 18:40:00+00:00,1.03492,1.03509,1.03483,1.03508,3012.0
2025-01-10 18:45:00+00:00,1.03508,1.03522,1.03504,1.03515,3733.0
2025-01-10 18:50:00+00:00,1.03515,1.03528,1.03507,1.03523,4229.0
2025-01-10 18:55:00+00:00,1.03523,1.03531,1.03518,1.03521,2501.0
2025-01-10 19:00:00+00:00,1.03521,1.0353,1.03514,1.03523,3033.0
2025-01-10 19:05:00+00:00,1.03523,1.0353,1.03514,1.03514,4191.0
2025-01-10 19:10:00+00:00,1.03514,1.03537,1.03508,1.03529,3269.0
2025-01-10 19:15:00+00:00,1.03529,1.03536,1.03516,1.03517,3481.0
2025-01-10 19:20:00+00:00,1.03517,1.03517,1.03503,1.0351,3917.0
2025-01-10 19:25:00+00:00,1.0351,1.0352,1.03501,1.0351,2554.0
2025-01-10 19:30:00+00:00,1.0351,1.03519,1.03501,1.0351,2638.0
2025-01-10 19:35:00+00:00,1.0351,1.0352,1.03489,1.03495,2574.0
2025-01-10 19:40:00+00:00,1.03495,1.03505,1.0347,1.0348,1437.0
2025-01-10 19:45:00+00:00,1.0348,1.03486,1.03464,1.03468,4094.0
2025-01-10 19:50:00+00:00,1.03468,1.03483,1.03462,1.03479,2673.0
2025-01-10 19:55:00+00:00,1.03479,1.03489,1.03471,1.03476,2266.0
2025-01-10 20:00:00+00:00,1.03476,1.03483,1.03465,1.03475,1528.0
2025-01-10 20:05:00+00:00,1.03475,1.03494,1.0347,1.03492,2213.0
2025-01-10 20:10:00+00:00,1.03492,1.03498,1.03486,1.03487,1723.0
2025-01-10 20:15:00+00:00,1.03487,1.03487,1.03472,1.03474,3226.0
2025-01-10 20:20:00+00:00,1.03474,1.03485,1.03457,1.03464,1187.0
2025-01-10 20:25:00+00:00,1.03464,1.03472,1.03459,1.0346,3675.0
2025-01-10 20:30:00+00:00,1.0346,1.03481,1.03453,1.03472,1620.0
2025-01-10 20:35:00+00:00,1.03472,1.0348,1.03455,1.03456,2480.0
2025-01-10 20:40:00+00:00,1.03456,1.03457,1.03436,1.03442,1707.0
2025-01-10 20:45:00+00:00,1.03442,1.03451,1.03418,1.03429,1846.0
2025-01-10 20:50:00+00:00,1.03429,1.03448,1.03428,1.03445,2702.0
2025-01-10 20:55:00+00:00,1.03445,1.03454,1.03445,1.0345,3064.0
2025-01-10 21:00:00+00:00,1.0345,1.03457,1.03448,1.03454,2235.0
2025-01-10 21:05:00+00:00,1.03454,1.03475,1.0345,1.03468,1841.0
2025-01-10 21:10:00+00:00,1.03468,1.03474,1.03455,1.03459,1807.0
2025-01-10 21:15:00+00:00,1.03459,1.03468,1.03439,1.03442,1598.0
2025-01-10 21:20:00+00:00,1.03442,1.03458,1.03436,1.03454,3716.0
2025-01-10 21:25:00+00:00,1.03454,1.03464,1.03443,1.03456,2387.0
2025-01-10 21:30:00+00:00,1.03456,1.03464,1.03437,1.0344,2451.0
2025-01-10 21:35:00+00:00,1.0344,1.03449,1.0344,1.03441,1349.0
2025-01-10 21:40:00+00:00,1.03441,1.03452,1.03435,1.03443,809.0
2025-01-10 21:45:00+00:00,1.03443,1.03453,1.0343,1.03431,2502.0
2025-01-10 21:50:00+00:00,1.03431,1.03438,1.03425,1.03425,2509.0
2025-01-10 21:55:00+00:00,1.03425,1.03428,1.03412,1.03414,2795.0
2025-01-10 22:00:00+00:00,1.03414,1.03419,1.03403,1.03404,3491.0
2025-01-10 22:05:00+00:00,1.03404,1.03407,1.03387,1.03394,1319.0
2025-01-10 22:10:00+00:00,1.03394,1.03401,1.03393,1.03395,1170.0
2025-01-10 22:15:00+00:00,1.03395,1.03397,1.03388,1.03395,4129.0
2025-01-10 22:20:00+00:00,1.03395,1.03403,1.03393,1.03398,1545.0
2025-01-10 22:25:00+00:00,1.03398,1.03398,1.03391,1.03398,1403.0
2025-01-10 22:30:00+00:00,1.03398,1.034,1.0339,1.03392,3136.0
2025-01-10 22:35:00+00:00,1.03392,1.03397,1.03385,1.03386,3829.0
2025-01-10 22:40:00+00:00,1.03386,1.03386,1.03377,1.03378,1991.0
2025-01-10 22:45:00+00:00,1.03378,1.03386,1.03376,1.03381,1159.0
2025-01-10 22:50:00+00:00,1.03381,1.03382,1.03371,1.03372,4224.0
2025-01-10 22:55:00+00:00,1.03372,1.03381,1.03367,1.03377,955.0
2025-01-10 23:00:00+00:00,1.03377,1.0338,1.03372,1.0338,3467.0
2025-01-10 23:05:00+00:00,1.0338,1.03388,1.03373,1.03384,3557.0
2025-01-10 23:10:00+00:00,1.03384,1.03401,1.03378,1.03394,3100.0
2025-01-10 23:15:00+00:00,1.03394,1.03395,1.03386,1.03389,1107.0
2025-01-10 23:20:00+00:00,1.03389,1.03394,1.03376,1.03382,2616.0
2025-01-10 23:25:00+00:00,1.03382,1.03382,1.03373,1.03377,2064.0
2025-01-10 23:30:00+00:00,1.03377,1.03377,1.03363,1.03365,1879.0
2025-01-10 23:35:00+00:00,1.03365,1.03373,1.0336,1.0337,1626.0
2025-01-10 23:40:00+00:00,1.0337,1.03373,1.03356,1.03362,928.0
2025-01-10 23:45:00+00:00,1.03362,1.03374,1.03361,1.03368,1841.0
2025-01-10 23:50:00+00:00,1.03368,1.03371,1.03365,1.03366,2840.0
2025-01-10 23:55:00+00:00,1.03366,1.03375,1.03359,1.03371,926.0
